duty_cycle,air_vel(m/s)
70.59,0.07
70.59,0.07
70.59,0.08
70.59,0.08
70.59,0.08
70.59,0.09
70.59,0.1
70.59,0.08
70.59,0.08
70.59,0.11
70.59,0.08
70.59,0.09
70.59,0.09
70.59,0.09
70.59,0.09
70.59,0.09
70.59,0.1
70.59,0.09
70.59,0.09
70.59,0.08
70.59,0.1
70.59,0.09
70.59,0.1
70.59,0.08
70.59,0.1
70.59,0.1
70.59,0.09
70.59,0.1
70.59,0.08
70.59,0.09
70.59,0.11
70.59,0.1
70.59,0.1
70.59,0.07
70.59,0.1
70.59,0.09
70.59,0.1
70.59,0.12
70.59,0.1
70.59,0.09
70.59,0.1
70.59,0.11
70.59,0.11
70.59,0.11
70.59,0.11
70.59,0.1
70.59,0.1
70.59,0.11
70.59,0.1
70.59,0.11
70.59,0.1
70.59,0.11
70.59,0.11
70.59,0.09
70.59,0.1
70.59,0.1
70.59,0.11
70.59,0.1
70.59,0.1
70.59,0.11
70.59,0.11
70.59,0.1
70.59,0.11
70.59,0.11
70.59,0.11
70.59,0.1
70.59,0.11
70.59,0.1
70.59,0.11
70.59,0.1
70.59,0.1
70.59,0.1
70.59,0.1
70.59,0.1
70.59,0.1
70.59,0.12
70.59,0.11
70.59,0.1
70.59,0.11
70.59,0.11
70.59,0.11
70.59,0.11
70.59,0.11
70.59,0.11
70.59,0.1
70.59,0.11
70.59,0.09
70.59,0.1
70.59,0.1
70.59,0.1
70.59,0.11
70.59,0.1
70.59,0.1
70.59,0.11
70.59,0.1
70.59,0.1
70.59,0.11
70.59,0.1
70.59,0.1
70.59,0.12
70.59,0.11
70.98,0.1
70.98,0.1
70.98,0.1
70.98,0.11
70.98,0.11
70.98,0.1
70.98,0.1
70.98,0.11
70.98,0.12
70.98,0.1
70.98,0.11
70.98,0.11
70.98,0.1
70.98,0.11
70.98,0.1
70.98,0.11
70.98,0.1
70.98,0.11
70.98,0.11
70.98,0.1
70.98,0.1
70.98,0.1
70.98,0.1
70.98,0.1
70.98,0.11
70.98,0.09
70.98,0.11
70.98,0.1
70.98,0.09
70.98,0.1
70.98,0.09
70.98,0.1
70.98,0.1
70.98,0.11
70.98,0.1
70.98,0.11
70.98,0.1
70.98,0.11
70.98,0.08
70.98,0.1
70.98,0.11
70.98,0.1
70.98,0.1
70.98,0.1
70.98,0.1
70.98,0.1
70.98,0.1
70.98,0.11
70.98,0.11
70.98,0.1
70.98,0.09
70.98,0.1
70.98,0.11
70.98,0.11
70.98,0.1
70.98,0.11
70.98,0.1
70.98,0.11
70.98,0.1
70.98,0.1
70.98,0.1
70.98,0.12
70.98,0.11
70.98,0.11
70.98,0.11
70.98,0.11
70.98,0.11
70.98,0.1
70.98,0.1
70.98,0.11
70.98,0.1
70.98,0.11
70.98,0.11
70.98,0.1
70.98,0.1
70.98,0.1
70.98,0.1
70.98,0.09
70.98,0.1
70.98,0.09
70.98,0.1
70.98,0.11
70.98,0.11
70.98,0.11
70.98,0.1
70.98,0.09
70.98,0.11
70.98,0.1
70.98,0.11
70.98,0.11
70.98,0.1
70.98,0.1
70.98,0.1
70.98,0.1
70.98,0.1
70.98,0.11
70.98,0.11
70.98,0.1
70.98,0.11
70.98,0.09
70.98,0.1
71.37,0.11
71.37,0.11
71.37,0.1
71.37,0.11
71.37,0.11
71.37,0.11
71.37,0.11
71.37,0.09
71.37,0.11
71.37,0.11
71.37,0.1
71.37,0.11
71.37,0.11
71.37,0.11
71.37,0.11
71.37,0.11
71.37,0.11
71.37,0.1
71.37,0.12
71.37,0.1
71.37,0.12
71.37,0.11
71.37,0.12
71.37,0.13
71.37,0.11
71.37,0.08
71.37,0.11
71.37,0.11
71.37,0.11
71.37,0.11
71.37,0.11
71.37,0.1
71.37,0.12
71.37,0.1
71.37,0.11
71.37,0.12
71.37,0.1
71.37,0.12
71.37,0.11
71.37,0.14
71.37,0.1
71.37,0.11
71.37,0.12
71.37,0.11
71.37,0.11
71.37,0.11
71.37,0.12
71.37,0.12
71.37,0.11
71.37,0.1
71.37,0.11
71.37,0.1
71.37,0.1
71.37,0.11
71.37,0.12
71.37,0.12
71.37,0.11
71.37,0.12
71.37,0.11
71.37,0.12
71.37,0.12
71.37,0.12
71.37,0.12
71.37,0.11
71.37,0.12
71.37,0.11
71.37,0.11
71.37,0.11
71.37,0.11
71.37,0.11
71.37,0.11
71.37,0.11
71.37,0.1
71.37,0.11
71.37,0.11
71.37,0.11
71.37,0.11
71.37,0.1
71.37,0.12
71.37,0.1
71.37,0.12
71.37,0.12
71.37,0.11
71.37,0.11
71.37,0.11
71.37,0.11
71.37,0.12
71.37,0.11
71.37,0.1
71.37,0.11
71.37,0.11
71.37,0.11
71.37,0.11
71.37,0.12
71.37,0.1
71.37,0.12
71.37,0.12
71.37,0.11
71.37,0.13
71.37,0.12
71.37,0.12
71.76,0.1
71.76,0.12
71.76,0.11
71.76,0.11
71.76,0.1
71.76,0.12
71.76,0.12
71.76,0.11
71.76,0.11
71.76,0.1
71.76,0.11
71.76,0.11
71.76,0.12
71.76,0.12
71.76,0.11
71.76,0.11
71.76,0.12
71.76,0.11
71.76,0.12
71.76,0.12
71.76,0.12
71.76,0.11
71.76,0.11
71.76,0.1
71.76,0.11
71.76,0.12
71.76,0.11
71.76,0.11
71.76,0.11
71.76,0.1
71.76,0.11
71.76,0.11
71.76,0.12
71.76,0.12
71.76,0.11
71.76,0.1
71.76,0.11
71.76,0.11
71.76,0.12
71.76,0.12
71.76,0.12
71.76,0.12
71.76,0.12
71.76,0.12
71.76,0.12
71.76,0.13
71.76,0.11
71.76,0.11
71.76,0.1
71.76,0.13
71.76,0.12
71.76,0.12
71.76,0.11
71.76,0.12
71.76,0.12
71.76,0.11
71.76,0.12
71.76,0.13
71.76,0.12
71.76,0.12
71.76,0.13
71.76,0.12
71.76,0.12
71.76,0.13
71.76,0.11
71.76,0.11
71.76,0.11
71.76,0.11
71.76,0.12
71.76,0.11
71.76,0.12
71.76,0.12
71.76,0.13
71.76,0.12
71.76,0.11
71.76,0.12
71.76,0.12
71.76,0.12
71.76,0.12
71.76,0.11
71.76,0.13
71.76,0.12
71.76,0.12
71.76,0.13
71.76,0.12
71.76,0.12
71.76,0.12
71.76,0.13
71.76,0.12
71.76,0.12
71.76,0.12
71.76,0.12
71.76,0.1
71.76,0.13
71.76,0.12
71.76,0.1
71.76,0.14
71.76,0.14
71.76,0.12
71.76,0.12
71.76,0.12
72.16,0.12
72.16,0.11
72.16,0.11
72.16,0.14
72.16,0.13
72.16,0.1
72.16,0.13
72.16,0.12
72.16,0.14
72.16,0.13
72.16,0.11
72.16,0.11
72.16,0.12
72.16,0.13
72.16,0.1
72.16,0.13
72.16,0.11
72.16,0.13
72.16,0.12
72.16,0.11
72.16,0.12
72.16,0.11
72.16,0.12
72.16,0.1
72.16,0.12
72.16,0.11
72.16,0.12
72.16,0.12
72.16,0.12
72.16,0.13
72.16,0.11
72.16,0.12
72.16,0.13
72.16,0.12
72.16,0.13
72.16,0.11
72.16,0.12
72.16,0.13
72.16,0.14
72.16,0.14
72.16,0.12
72.16,0.11
72.16,0.13
72.16,0.13
72.16,0.11
72.16,0.12
72.16,0.13
72.16,0.11
72.16,0.12
72.16,0.13
72.16,0.12
72.16,0.11
72.16,0.12
72.16,0.14
72.16,0.13
72.16,0.12
72.16,0.13
72.16,0.1
72.16,0.15
72.16,0.11
72.16,0.13
72.16,0.13
72.16,0.12
72.16,0.12
72.16,0.13
72.16,0.13
72.16,0.15
72.16,0.09
72.16,0.12
72.16,0.14
72.16,0.12
72.16,0.13
72.16,0.13
72.16,0.12
72.16,0.12
72.16,0.12
72.16,0.11
72.16,0.12
72.16,0.11
72.16,0.11
72.16,0.09
72.16,0.12
72.16,0.11
72.16,0.12
72.16,0.11
72.16,0.12
72.16,0.11
72.16,0.14
72.16,0.12
72.16,0.12
72.16,0.11
72.16,0.11
72.16,0.11
72.16,0.13
72.16,0.14
72.16,0.14
72.16,0.13
72.16,0.12
72.16,0.12
72.16,0.13
72.16,0.11
72.55,0.12
72.55,0.1
72.55,0.13
72.55,0.13
72.55,0.1
72.55,0.13
72.55,0.12
72.55,0.11
72.55,0.11
72.55,0.11
72.55,0.12
72.55,0.1
72.55,0.1
72.55,0.1
72.55,0.13
72.55,0.13
72.55,0.09
72.55,0.12
72.55,0.12
72.55,0.11
72.55,0.12
72.55,0.12
72.55,0.1
72.55,0.1
72.55,0.12
72.55,0.15
72.55,0.13
72.55,0.1
72.55,0.12
72.55,0.11
72.55,0.11
72.55,0.11
72.55,0.11
72.55,0.13
72.55,0.12
72.55,0.14
72.55,0.12
72.55,0.13
72.55,0.14
72.55,0.14
72.55,0.13
72.55,0.13
72.55,0.12
72.55,0.11
72.55,0.12
72.55,0.13
72.55,0.14
72.55,0.11
72.55,0.12
72.55,0.09
72.55,0.14
72.55,0.13
72.55,0.11
72.55,0.15
72.55,0.14
72.55,0.11
72.55,0.12
72.55,0.13
72.55,0.13
72.55,0.11
72.55,0.12
72.55,0.14
72.55,0.1
72.55,0.12
72.55,0.12
72.55,0.1
72.55,0.09
72.55,0.11
72.55,0.12
72.55,0.13
72.55,0.12
72.55,0.12
72.55,0.13
72.55,0.13
72.55,0.13
72.55,0.14
72.55,0.12
72.55,0.13
72.55,0.12
72.55,0.1
72.55,0.14
72.55,0.13
72.55,0.13
72.55,0.14
72.55,0.16
72.55,0.09
72.55,0.16
72.55,0.11
72.55,0.12
72.55,0.12
72.55,0.1
72.55,0.1
72.55,0.11
72.55,0.12
72.55,0.11
72.55,0.13
72.55,0.12
72.55,0.11
72.55,0.15
72.55,0.12
72.55,0.15
72.94,0.12
72.94,0.13
72.94,0.11
72.94,0.12
72.94,0.11
72.94,0.15
72.94,0.15
72.94,0.14
72.94,0.13
72.94,0.14
72.94,0.13
72.94,0.12
72.94,0.15
72.94,0.12
72.94,0.14
72.94,0.15
72.94,0.11
72.94,0.12
72.94,0.15
72.94,0.13
72.94,0.14
72.94,0.14
72.94,0.13
72.94,0.13
72.94,0.12
72.94,0.13
72.94,0.11
72.94,0.15
72.94,0.14
72.94,0.13
72.94,0.13
72.94,0.16
72.94,0.17
72.94,0.14
72.94,0.13
72.94,0.12
72.94,0.13
72.94,0.13
72.94,0.13
72.94,0.13
72.94,0.14
72.94,0.15
72.94,0.13
72.94,0.15
72.94,0.13
72.94,0.15
72.94,0.15
72.94,0.15
72.94,0.13
72.94,0.13
72.94,0.13
72.94,0.16
72.94,0.14
72.94,0.14
72.94,0.13
72.94,0.11
72.94,0.15
72.94,0.13
72.94,0.13
72.94,0.14
72.94,0.14
72.94,0.14
72.94,0.16
72.94,0.14
72.94,0.14
72.94,0.12
72.94,0.12
72.94,0.12
72.94,0.15
72.94,0.1
72.94,0.14
72.94,0.12
72.94,0.16
72.94,0.14
72.94,0.14
72.94,0.11
72.94,0.17
72.94,0.13
72.94,0.1
72.94,0.14
72.94,0.15
72.94,0.13
72.94,0.1
72.94,0.13
72.94,0.15
72.94,0.12
72.94,0.15
72.94,0.14
72.94,0.1
72.94,0.13
72.94,0.12
72.94,0.12
72.94,0.14
72.94,0.13
72.94,0.12
72.94,0.12
72.94,0.13
72.94,0.13
72.94,0.12
72.94,0.12
72.94,0.13
73.33,0.13
73.33,0.14
73.33,0.14
73.33,0.11
73.33,0.13
73.33,0.15
73.33,0.15
73.33,0.13
73.33,0.14
73.33,0.12
73.33,0.13
73.33,0.14
73.33,0.1
73.33,0.16
73.33,0.13
73.33,0.14
73.33,0.14
73.33,0.14
73.33,0.13
73.33,0.14
73.33,0.13
73.33,0.14
73.33,0.12
73.33,0.13
73.33,0.13
73.33,0.13
73.33,0.13
73.33,0.13
73.33,0.16
73.33,0.13
73.33,0.11
73.33,0.13
73.33,0.11
73.33,0.13
73.33,0.15
73.33,0.12
73.33,0.13
73.33,0.14
73.33,0.14
73.33,0.14
73.33,0.13
73.33,0.12
73.33,0.14
73.33,0.15
73.33,0.13
73.33,0.12
73.33,0.11
73.33,0.1
73.33,0.14
73.33,0.14
73.33,0.13
73.33,0.14
73.33,0.14
73.33,0.11
73.33,0.12
73.33,0.12
73.33,0.14
73.33,0.12
73.33,0.14
73.33,0.1
73.33,0.13
73.33,0.14
73.33,0.14
73.33,0.13
73.33,0.15
73.33,0.14
73.33,0.14
73.33,0.13
73.33,0.11
73.33,0.14
73.33,0.11
73.33,0.13
73.33,0.13
73.33,0.14
73.33,0.13
73.33,0.17
73.33,0.13
73.33,0.12
73.33,0.13
73.33,0.14
73.33,0.13
73.33,0.13
73.33,0.14
73.33,0.13
73.33,0.14
73.33,0.12
73.33,0.09
73.33,0.13
73.33,0.14
73.33,0.15
73.33,0.12
73.33,0.15
73.33,0.14
73.33,0.11
73.33,0.14
73.33,0.12
73.33,0.12
73.33,0.14
73.33,0.13
73.33,0.11
73.33,0.12
73.73,0.11
73.73,0.13
73.73,0.12
73.73,0.13
73.73,0.15
73.73,0.11
73.73,0.14
73.73,0.13
73.73,0.13
73.73,0.12
73.73,0.13
73.73,0.13
73.73,0.14
73.73,0.11
73.73,0.13
73.73,0.13
73.73,0.15
73.73,0.14
73.73,0.13
73.73,0.15
73.73,0.11
73.73,0.13
73.73,0.13
73.73,0.11
73.73,0.12
73.73,0.12
73.73,0.12
73.73,0.12
73.73,0.14
73.73,0.14
73.73,0.13
73.73,0.14
73.73,0.13
73.73,0.14
73.73,0.14
73.73,0.13
73.73,0.13
73.73,0.13
73.73,0.12
73.73,0.11
73.73,0.11
73.73,0.12
73.73,0.14
73.73,0.13
73.73,0.15
73.73,0.13
73.73,0.12
73.73,0.12
73.73,0.11
73.73,0.14
73.73,0.12
73.73,0.13
73.73,0.14
73.73,0.11
73.73,0.13
73.73,0.12
73.73,0.13
73.73,0.15
73.73,0.13
73.73,0.12
73.73,0.13
73.73,0.11
73.73,0.11
73.73,0.12
73.73,0.14
73.73,0.11
73.73,0.14
73.73,0.14
73.73,0.13
73.73,0.16
73.73,0.14
73.73,0.12
73.73,0.14
73.73,0.13
73.73,0.13
73.73,0.12
73.73,0.1
73.73,0.13
73.73,0.14
73.73,0.12
73.73,0.16
73.73,0.11
73.73,0.13
73.73,0.11
73.73,0.13
73.73,0.13
73.73,0.13
73.73,0.12
73.73,0.13
73.73,0.12
73.73,0.14
73.73,0.12
73.73,0.1
73.73,0.14
73.73,0.12
73.73,0.11
73.73,0.13
73.73,0.14
73.73,0.13
73.73,0.11
73.73,0.15
74.12,0.13
74.12,0.15
74.12,0.15
74.12,0.11
74.12,0.14
74.12,0.12
74.12,0.14
74.12,0.13
74.12,0.12
74.12,0.15
74.12,0.15
74.12,0.12
74.12,0.13
74.12,0.11
74.12,0.15
74.12,0.15
74.12,0.11
74.12,0.13
74.12,0.11
74.12,0.15
74.12,0.13
74.12,0.11
74.12,0.13
74.12,0.12
74.12,0.12
74.12,0.1
74.12,0.13
74.12,0.13
74.12,0.11
74.12,0.12
74.12,0.14
74.12,0.13
74.12,0.13
74.12,0.13
74.12,0.13
74.12,0.13
74.12,0.13
74.12,0.12
74.12,0.11
74.12,0.13
74.12,0.11
74.12,0.13
74.12,0.13
74.12,0.13
74.12,0.12
74.12,0.14
74.12,0.12
74.12,0.15
74.12,0.14
74.12,0.12
74.12,0.14
74.12,0.12
74.12,0.12
74.12,0.11
74.12,0.14
74.12,0.13
74.12,0.13
74.12,0.12
74.12,0.12
74.12,0.13
74.12,0.13
74.12,0.14
74.12,0.13
74.12,0.12
74.12,0.11
74.12,0.13
74.12,0.14
74.12,0.12
74.12,0.13
74.12,0.13
74.12,0.11
74.12,0.13
74.12,0.1
74.12,0.13
74.12,0.08
74.12,0.1
74.12,0.12
74.12,0.15
74.12,0.13
74.12,0.11
74.12,0.13
74.12,0.14
74.12,0.12
74.12,0.12
74.12,0.12
74.12,0.11
74.12,0.13
74.12,0.14
74.12,0.14
74.12,0.13
74.12,0.13
74.12,0.12
74.12,0.13
74.12,0.13
74.12,0.12
74.12,0.12
74.12,0.14
74.12,0.15
74.12,0.13
74.12,0.14
74.12,0.13
74.51,0.13
74.51,0.14
74.51,0.14
74.51,0.14
74.51,0.14
74.51,0.14
74.51,0.15
74.51,0.15
74.51,0.13
74.51,0.12
74.51,0.15
74.51,0.11
74.51,0.14
74.51,0.15
74.51,0.14
74.51,0.14
74.51,0.13
74.51,0.14
74.51,0.16
74.51,0.13
74.51,0.15
74.51,0.15
74.51,0.13
74.51,0.12
74.51,0.2
74.51,0.14
74.51,0.15
74.51,0.12
74.51,0.16
74.51,0.16
74.51,0.14
74.51,0.15
74.51,0.15
74.51,0.14
74.51,0.12
74.51,0.15
74.51,0.16
74.51,0.14
74.51,0.12
74.51,0.13
74.51,0.14
74.51,0.14
74.51,0.13
74.51,0.16
74.51,0.13
74.51,0.14
74.51,0.16
74.51,0.14
74.51,0.16
74.51,0.14
74.51,0.16
74.51,0.12
74.51,0.14
74.51,0.13
74.51,0.13
74.51,0.16
74.51,0.17
74.51,0.15
74.51,0.16
74.51,0.14
74.51,0.13
74.51,0.11
74.51,0.11
74.51,0.15
74.51,0.11
74.51,0.14
74.51,0.13
74.51,0.14
74.51,0.11
74.51,0.16
74.51,0.16
74.51,0.11
74.51,0.11
74.51,0.14
74.51,0.14
74.51,0.12
74.51,0.12
74.51,0.14
74.51,0.15
74.51,0.15
74.51,0.13
74.51,0.13
74.51,0.14
74.51,0.16
74.51,0.13
74.51,0.14
74.51,0.13
74.51,0.16
74.51,0.15
74.51,0.13
74.51,0.15
74.51,0.14
74.51,0.16
74.51,0.13
74.51,0.14
74.51,0.15
74.51,0.13
74.51,0.15
74.51,0.14
74.51,0.14
74.51,0.14
74.9,0.14
74.9,0.18
74.9,0.13
74.9,0.15
74.9,0.16
74.9,0.15
74.9,0.14
74.9,0.14
74.9,0.16
74.9,0.16
74.9,0.15
74.9,0.15
74.9,0.13
74.9,0.15
74.9,0.12
74.9,0.16
74.9,0.19
74.9,0.18
74.9,0.16
74.9,0.15
74.9,0.16
74.9,0.12
74.9,0.16
74.9,0.14
74.9,0.15
74.9,0.14
74.9,0.15
74.9,0.14
74.9,0.14
74.9,0.15
74.9,0.16
74.9,0.13
74.9,0.13
74.9,0.15
74.9,0.17
74.9,0.1
74.9,0.14
74.9,0.15
74.9,0.14
74.9,0.14
74.9,0.16
74.9,0.15
74.9,0.15
74.9,0.16
74.9,0.16
74.9,0.14
74.9,0.14
74.9,0.14
74.9,0.15
74.9,0.14
74.9,0.16
74.9,0.16
74.9,0.12
74.9,0.17
74.9,0.13
74.9,0.13
74.9,0.13
74.9,0.13
74.9,0.15
74.9,0.16
74.9,0.17
74.9,0.14
74.9,0.14
74.9,0.13
74.9,0.13
74.9,0.13
74.9,0.13
74.9,0.1
74.9,0.13
74.9,0.16
74.9,0.13
74.9,0.15
74.9,0.16
74.9,0.14
74.9,0.17
74.9,0.16
74.9,0.15
74.9,0.19
74.9,0.17
74.9,0.12
74.9,0.16
74.9,0.17
74.9,0.12
74.9,0.14
74.9,0.14
74.9,0.16
74.9,0.16
74.9,0.16
74.9,0.15
74.9,0.15
74.9,0.1
74.9,0.15
74.9,0.15
74.9,0.17
74.9,0.16
74.9,0.17
74.9,0.14
74.9,0.16
74.9,0.14
74.9,0.16
74.9,0.13
75.29,0.15
75.29,0.18
75.29,0.11
75.29,0.14
75.29,0.14
75.29,0.16
75.29,0.15
75.29,0.16
75.29,0.14
75.29,0.17
75.29,0.15
75.29,0.14
75.29,0.15
75.29,0.11
75.29,0.17
75.29,0.15
75.29,0.13
75.29,0.12
75.29,0.14
75.29,0.15
75.29,0.14
75.29,0.14
75.29,0.15
75.29,0.16
75.29,0.14
75.29,0.15
75.29,0.16
75.29,0.13
75.29,0.13
75.29,0.15
75.29,0.13
75.29,0.14
75.29,0.16
75.29,0.15
75.29,0.17
75.29,0.14
75.29,0.15
75.29,0.17
75.29,0.15
75.29,0.16
75.29,0.16
75.29,0.15
75.29,0.16
75.29,0.12
75.29,0.14
75.29,0.16
75.29,0.16
75.29,0.15
75.29,0.15
75.29,0.17
75.29,0.14
75.29,0.14
75.29,0.18
75.29,0.14
75.29,0.14
75.29,0.13
75.29,0.15
75.29,0.15
75.29,0.14
75.29,0.13
75.29,0.16
75.29,0.12
75.29,0.15
75.29,0.2
75.29,0.11
75.29,0.16
75.29,0.12
75.29,0.15
75.29,0.19
75.29,0.19
75.29,0.13
75.29,0.15
75.29,0.14
75.29,0.15
75.29,0.17
75.29,0.15
75.29,0.16
75.29,0.14
75.29,0.14
75.29,0.16
75.29,0.16
75.29,0.15
75.29,0.14
75.29,0.15
75.29,0.13
75.29,0.15
75.29,0.18
75.29,0.16
75.29,0.17
75.29,0.16
75.29,0.14
75.29,0.13
75.29,0.15
75.29,0.15
75.29,0.14
75.29,0.15
75.29,0.12
75.29,0.14
75.29,0.14
75.29,0.17
75.29,0.15
75.69,0.12
75.69,0.16
75.69,0.13
75.69,0.12
75.69,0.12
75.69,0.11
75.69,0.16
75.69,0.18
75.69,0.12
75.69,0.14
75.69,0.16
75.69,0.14
75.69,0.12
75.69,0.13
75.69,0.13
75.69,0.17
75.69,0.15
75.69,0.16
75.69,0.14
75.69,0.14
75.69,0.16
75.69,0.12
75.69,0.15
75.69,0.16
75.69,0.18
75.69,0.16
75.69,0.18
75.69,0.14
75.69,0.16
75.69,0.17
75.69,0.12
75.69,0.14
75.69,0.14
75.69,0.18
75.69,0.13
75.69,0.13
75.69,0.16
75.69,0.15
75.69,0.17
75.69,0.11
75.69,0.15
75.69,0.19
75.69,0.12
75.69,0.13
75.69,0.15
75.69,0.17
75.69,0.16
75.69,0.14
75.69,0.16
75.69,0.12
75.69,0.15
75.69,0.15
75.69,0.12
75.69,0.17
75.69,0.14
75.69,0.16
75.69,0.15
75.69,0.16
75.69,0.16
75.69,0.13
75.69,0.15
75.69,0.14
75.69,0.17
75.69,0.13
75.69,0.12
75.69,0.15
75.69,0.14
75.69,0.15
75.69,0.13
75.69,0.14
75.69,0.15
75.69,0.15
75.69,0.15
75.69,0.13
75.69,0.16
75.69,0.15
75.69,0.19
75.69,0.17
75.69,0.15
75.69,0.14
75.69,0.15
75.69,0.14
75.69,0.15
75.69,0.14
75.69,0.16
75.69,0.11
75.69,0.13
75.69,0.14
75.69,0.13
75.69,0.15
75.69,0.14
75.69,0.11
75.69,0.16
75.69,0.13
75.69,0.14
75.69,0.16
75.69,0.17
75.69,0.16
75.69,0.12
75.69,0.15
75.69,0.13
76.08,0.14
76.08,0.15
76.08,0.15
76.08,0.14
76.08,0.14
76.08,0.16
76.08,0.17
76.08,0.13
76.08,0.12
76.08,0.17
76.08,0.18
76.08,0.14
76.08,0.16
76.08,0.13
76.08,0.16
76.08,0.13
76.08,0.15
76.08,0.14
76.08,0.14
76.08,0.13
76.08,0.12
76.08,0.15
76.08,0.15
76.08,0.1
76.08,0.13
76.08,0.14
76.08,0.16
76.08,0.16
76.08,0.13
76.08,0.14
76.08,0.14
76.08,0.18
76.08,0.16
76.08,0.15
76.08,0.13
76.08,0.15
76.08,0.16
76.08,0.14
76.08,0.15
76.08,0.13
76.08,0.16
76.08,0.15
76.08,0.18
76.08,0.16
76.08,0.18
76.08,0.16
76.08,0.12
76.08,0.14
76.08,0.16
76.08,0.14
76.08,0.14
76.08,0.15
76.08,0.15
76.08,0.16
76.08,0.18
76.08,0.15
76.08,0.16
76.08,0.15
76.08,0.17
76.08,0.17
76.08,0.12
76.08,0.16
76.08,0.14
76.08,0.11
76.08,0.15
76.08,0.19
76.08,0.15
76.08,0.17
76.08,0.16
76.08,0.15
76.08,0.15
76.08,0.18
76.08,0.16
76.08,0.12
76.08,0.16
76.08,0.17
76.08,0.15
76.08,0.16
76.08,0.16
76.08,0.16
76.08,0.11
76.08,0.14
76.08,0.14
76.08,0.15
76.08,0.17
76.08,0.14
76.08,0.17
76.08,0.19
76.08,0.14
76.08,0.15
76.08,0.14
76.08,0.13
76.08,0.15
76.08,0.14
76.08,0.13
76.08,0.15
76.08,0.17
76.08,0.16
76.08,0.15
76.08,0.15
76.08,0.17
76.47,0.15
76.47,0.19
76.47,0.14
76.47,0.13
76.47,0.16
76.47,0.13
76.47,0.16
76.47,0.14
76.47,0.16
76.47,0.14
76.47,0.14
76.47,0.14
76.47,0.14
76.47,0.17
76.47,0.17
76.47,0.18
76.47,0.15
76.47,0.17
76.47,0.16
76.47,0.19
76.47,0.15
76.47,0.15
76.47,0.16
76.47,0.16
76.47,0.17
76.47,0.14
76.47,0.16
76.47,0.16
76.47,0.17
76.47,0.12
76.47,0.14
76.47,0.17
76.47,0.16
76.47,0.16
76.47,0.16
76.47,0.09
76.47,0.17
76.47,0.16
76.47,0.16
76.47,0.16
76.47,0.14
76.47,0.16
76.47,0.15
76.47,0.18
76.47,0.17
76.47,0.15
76.47,0.13
76.47,0.17
76.47,0.13
76.47,0.17
76.47,0.16
76.47,0.16
76.47,0.15
76.47,0.17
76.47,0.17
76.47,0.15
76.47,0.13
76.47,0.16
76.47,0.16
76.47,0.16
76.47,0.14
76.47,0.14
76.47,0.16
76.47,0.15
76.47,0.16
76.47,0.16
76.47,0.11
76.47,0.15
76.47,0.12
76.47,0.16
76.47,0.14
76.47,0.18
76.47,0.17
76.47,0.15
76.47,0.14
76.47,0.17
76.47,0.16
76.47,0.15
76.47,0.19
76.47,0.18
76.47,0.16
76.47,0.15
76.47,0.17
76.47,0.17
76.47,0.17
76.47,0.12
76.47,0.14
76.47,0.12
76.47,0.15
76.47,0.15
76.47,0.15
76.47,0.16
76.47,0.16
76.47,0.16
76.47,0.16
76.47,0.16
76.47,0.15
76.47,0.18
76.47,0.19
76.47,0.18
76.47,0.18
76.86,0.17
76.86,0.15
76.86,0.14
76.86,0.16
76.86,0.15
76.86,0.16
76.86,0.15
76.86,0.18
76.86,0.13
76.86,0.13
76.86,0.14
76.86,0.13
76.86,0.15
76.86,0.14
76.86,0.13
76.86,0.18
76.86,0.15
76.86,0.15
76.86,0.16
76.86,0.14
76.86,0.13
76.86,0.18
76.86,0.16
76.86,0.16
76.86,0.14
76.86,0.16
76.86,0.15
76.86,0.13
76.86,0.14
76.86,0.18
76.86,0.16
76.86,0.16
76.86,0.12
76.86,0.15
76.86,0.17
76.86,0.15
76.86,0.14
76.86,0.14
76.86,0.17
76.86,0.19
76.86,0.15
76.86,0.14
76.86,0.17
76.86,0.18
76.86,0.15
76.86,0.17
76.86,0.19
76.86,0.13
76.86,0.14
76.86,0.14
76.86,0.17
76.86,0.13
76.86,0.14
76.86,0.16
76.86,0.13
76.86,0.16
76.86,0.18
76.86,0.15
76.86,0.14
76.86,0.14
76.86,0.13
76.86,0.12
76.86,0.15
76.86,0.15
76.86,0.16
76.86,0.14
76.86,0.15
76.86,0.14
76.86,0.13
76.86,0.16
76.86,0.15
76.86,0.15
76.86,0.15
76.86,0.14
76.86,0.14
76.86,0.12
76.86,0.15
76.86,0.16
76.86,0.17
76.86,0.13
76.86,0.14
76.86,0.12
76.86,0.15
76.86,0.15
76.86,0.14
76.86,0.14
76.86,0.17
76.86,0.18
76.86,0.14
76.86,0.16
76.86,0.15
76.86,0.16
76.86,0.17
76.86,0.17
76.86,0.14
76.86,0.14
76.86,0.14
76.86,0.14
76.86,0.13
76.86,0.15
76.86,0.14
77.25,0.11
77.25,0.14
77.25,0.13
77.25,0.21
77.25,0.12
77.25,0.16
77.25,0.13
77.25,0.17
77.25,0.12
77.25,0.16
77.25,0.14
77.25,0.16
77.25,0.16
77.25,0.15
77.25,0.16
77.25,0.14
77.25,0.14
77.25,0.16
77.25,0.15
77.25,0.17
77.25,0.18
77.25,0.16
77.25,0.18
77.25,0.18
77.25,0.16
77.25,0.16
77.25,0.17
77.25,0.14
77.25,0.16
77.25,0.17
77.25,0.12
77.25,0.14
77.25,0.13
77.25,0.14
77.25,0.15
77.25,0.16
77.25,0.15
77.25,0.16
77.25,0.14
77.25,0.18
77.25,0.17
77.25,0.15
77.25,0.15
77.25,0.13
77.25,0.16
77.25,0.18
77.25,0.16
77.25,0.13
77.25,0.12
77.25,0.13
77.25,0.15
77.25,0.15
77.25,0.16
77.25,0.15
77.25,0.15
77.25,0.15
77.25,0.14
77.25,0.17
77.25,0.16
77.25,0.19
77.25,0.14
77.25,0.17
77.25,0.14
77.25,0.14
77.25,0.15
77.25,0.15
77.25,0.14
77.25,0.14
77.25,0.16
77.25,0.14
77.25,0.13
77.25,0.15
77.25,0.14
77.25,0.14
77.25,0.15
77.25,0.18
77.25,0.13
77.25,0.13
77.25,0.14
77.25,0.13
77.25,0.15
77.25,0.15
77.25,0.15
77.25,0.16
77.25,0.12
77.25,0.18
77.25,0.14
77.25,0.15
77.25,0.16
77.25,0.15
77.25,0.14
77.25,0.14
77.25,0.16
77.25,0.15
77.25,0.14
77.25,0.13
77.25,0.14
77.25,0.19
77.25,0.14
77.25,0.15
77.25,0.14
77.65,0.13
77.65,0.12
77.65,0.13
77.65,0.16
77.65,0.14
77.65,0.16
77.65,0.16
77.65,0.18
77.65,0.16
77.65,0.16
77.65,0.15
77.65,0.14
77.65,0.15
77.65,0.1
77.65,0.13
77.65,0.15
77.65,0.16
77.65,0.16
77.65,0.13
77.65,0.16
77.65,0.11
77.65,0.16
77.65,0.15
77.65,0.15
77.65,0.14
77.65,0.15
77.65,0.16
77.65,0.13
77.65,0.14
77.65,0.14
77.65,0.15
77.65,0.12
77.65,0.18
77.65,0.17
77.65,0.12
77.65,0.12
77.65,0.14
77.65,0.12
77.65,0.19
77.65,0.16
77.65,0.15
77.65,0.15
77.65,0.13
77.65,0.11
77.65,0.13
77.65,0.15
77.65,0.17
77.65,0.16
77.65,0.16
77.65,0.18
77.65,0.14
77.65,0.16
77.65,0.16
77.65,0.16
77.65,0.16
77.65,0.16
77.65,0.16
77.65,0.14
77.65,0.16
77.65,0.16
77.65,0.15
77.65,0.15
77.65,0.15
77.65,0.14
77.65,0.15
77.65,0.15
77.65,0.13
77.65,0.16
77.65,0.15
77.65,0.15
77.65,0.12
77.65,0.14
77.65,0.15
77.65,0.15
77.65,0.16
77.65,0.14
77.65,0.13
77.65,0.15
77.65,0.13
77.65,0.16
77.65,0.16
77.65,0.15
77.65,0.13
77.65,0.14
77.65,0.14
77.65,0.16
77.65,0.12
77.65,0.15
77.65,0.18
77.65,0.15
77.65,0.17
77.65,0.17
77.65,0.17
77.65,0.16
77.65,0.13
77.65,0.13
77.65,0.12
77.65,0.12
77.65,0.16
77.65,0.17
77.65,0.16
78.04,0.12
78.04,0.12
78.04,0.14
78.04,0.16
78.04,0.16
78.04,0.16
78.04,0.15
78.04,0.17
78.04,0.14
78.04,0.13
78.04,0.14
78.04,0.15
78.04,0.16
78.04,0.14
78.04,0.13
78.04,0.14
78.04,0.14
78.04,0.15
78.04,0.15
78.04,0.16
78.04,0.15
78.04,0.14
78.04,0.16
78.04,0.14
78.04,0.12
78.04,0.17
78.04,0.15
78.04,0.15
78.04,0.16
78.04,0.13
78.04,0.14
78.04,0.14
78.04,0.14
78.04,0.15
78.04,0.15
78.04,0.15
78.04,0.18
78.04,0.14
78.04,0.15
78.04,0.17
78.04,0.11
78.04,0.16
78.04,0.15
78.04,0.16
78.04,0.16
78.04,0.13
78.04,0.13
78.04,0.17
78.04,0.15
78.04,0.15
78.04,0.12
78.04,0.14
78.04,0.13
78.04,0.14
78.04,0.13
78.04,0.15
78.04,0.16
78.04,0.14
78.04,0.14
78.04,0.15
78.04,0.17
78.04,0.17
78.04,0.17
78.04,0.14
78.04,0.16
78.04,0.15
78.04,0.13
78.04,0.16
78.04,0.14
78.04,0.15
78.04,0.2
78.04,0.13
78.04,0.15
78.04,0.12
78.04,0.13
78.04,0.16
78.04,0.16
78.04,0.16
78.04,0.14
78.04,0.21
78.04,0.14
78.04,0.17
78.04,0.16
78.04,0.15
78.04,0.16
78.04,0.16
78.04,0.16
78.04,0.16
78.04,0.16
78.04,0.16
78.04,0.16
78.04,0.18
78.04,0.13
78.04,0.14
78.04,0.2
78.04,0.16
78.04,0.16
78.04,0.17
78.04,0.16
78.04,0.13
78.04,0.14
78.43,0.14
78.43,0.15
78.43,0.14
78.43,0.16
78.43,0.15
78.43,0.17
78.43,0.15
78.43,0.12
78.43,0.13
78.43,0.15
78.43,0.16
78.43,0.17
78.43,0.15
78.43,0.16
78.43,0.12
78.43,0.17
78.43,0.18
78.43,0.15
78.43,0.16
78.43,0.15
78.43,0.13
78.43,0.13
78.43,0.14
78.43,0.15
78.43,0.13
78.43,0.13
78.43,0.16
78.43,0.15
78.43,0.17
78.43,0.15
78.43,0.17
78.43,0.14
78.43,0.16
78.43,0.18
78.43,0.16
78.43,0.14
78.43,0.18
78.43,0.18
78.43,0.16
78.43,0.13
78.43,0.19
78.43,0.12
78.43,0.15
78.43,0.16
78.43,0.13
78.43,0.16
78.43,0.17
78.43,0.15
78.43,0.18
78.43,0.14
78.43,0.15
78.43,0.15
78.43,0.15
78.43,0.16
78.43,0.19
78.43,0.15
78.43,0.13
78.43,0.16
78.43,0.17
78.43,0.15
78.43,0.16
78.43,0.14
78.43,0.16
78.43,0.14
78.43,0.15
78.43,0.14
78.43,0.14
78.43,0.15
78.43,0.16
78.43,0.15
78.43,0.14
78.43,0.15
78.43,0.18
78.43,0.16
78.43,0.18
78.43,0.14
78.43,0.12
78.43,0.18
78.43,0.15
78.43,0.15
78.43,0.15
78.43,0.14
78.43,0.15
78.43,0.17
78.43,0.11
78.43,0.15
78.43,0.21
78.43,0.16
78.43,0.14
78.43,0.15
78.43,0.16
78.43,0.16
78.43,0.14
78.43,0.15
78.43,0.15
78.43,0.18
78.43,0.16
78.43,0.15
78.43,0.15
78.43,0.13
78.43,0.13
78.82,0.16
78.82,0.19
78.82,0.15
78.82,0.15
78.82,0.13
78.82,0.15
78.82,0.13
78.82,0.16
78.82,0.18
78.82,0.13
78.82,0.16
78.82,0.18
78.82,0.13
78.82,0.15
78.82,0.19
78.82,0.17
78.82,0.14
78.82,0.13
78.82,0.15
78.82,0.15
78.82,0.1
78.82,0.13
78.82,0.15
78.82,0.16
78.82,0.15
78.82,0.14
78.82,0.16
78.82,0.11
78.82,0.14
78.82,0.13
78.82,0.14
78.82,0.16
78.82,0.16
78.82,0.14
78.82,0.16
78.82,0.14
78.82,0.18
78.82,0.12
78.82,0.15
78.82,0.17
78.82,0.12
78.82,0.15
78.82,0.16
78.82,0.13
78.82,0.13
78.82,0.16
78.82,0.15
78.82,0.19
78.82,0.15
78.82,0.13
78.82,0.16
78.82,0.14
78.82,0.16
78.82,0.12
78.82,0.14
78.82,0.16
78.82,0.14
78.82,0.17
78.82,0.13
78.82,0.15
78.82,0.16
78.82,0.18
78.82,0.14
78.82,0.14
78.82,0.15
78.82,0.17
78.82,0.15
78.82,0.14
78.82,0.12
78.82,0.13
78.82,0.15
78.82,0.17
78.82,0.16
78.82,0.16
78.82,0.15
78.82,0.14
78.82,0.11
78.82,0.15
78.82,0.17
78.82,0.13
78.82,0.15
78.82,0.15
78.82,0.17
78.82,0.12
78.82,0.14
78.82,0.14
78.82,0.18
78.82,0.18
78.82,0.15
78.82,0.16
78.82,0.13
78.82,0.15
78.82,0.16
78.82,0.17
78.82,0.15
78.82,0.1
78.82,0.17
78.82,0.15
78.82,0.15
78.82,0.15
78.82,0.15
79.22,0.15
79.22,0.14
79.22,0.15
79.22,0.16
79.22,0.13
79.22,0.12
79.22,0.15
79.22,0.17
79.22,0.11
79.22,0.15
79.22,0.17
79.22,0.16
79.22,0.15
79.22,0.16
79.22,0.15
79.22,0.18
79.22,0.16
79.22,0.16
79.22,0.18
79.22,0.15
79.22,0.2
79.22,0.17
79.22,0.12
79.22,0.18
79.22,0.15
79.22,0.14
79.22,0.14
79.22,0.13
79.22,0.15
79.22,0.15
79.22,0.14
79.22,0.16
79.22,0.14
79.22,0.11
79.22,0.15
79.22,0.18
79.22,0.12
79.22,0.15
79.22,0.17
79.22,0.15
79.22,0.14
79.22,0.14
79.22,0.12
79.22,0.1
79.22,0.15
79.22,0.18
79.22,0.18
79.22,0.17
79.22,0.13
79.22,0.15
79.22,0.18
79.22,0.12
79.22,0.15
79.22,0.16
79.22,0.17
79.22,0.12
79.22,0.18
79.22,0.12
79.22,0.18
79.22,0.15
79.22,0.15
79.22,0.12
79.22,0.16
79.22,0.14
79.22,0.16
79.22,0.17
79.22,0.11
79.22,0.15
79.22,0.17
79.22,0.13
79.22,0.13
79.22,0.16
79.22,0.16
79.22,0.13
79.22,0.14
79.22,0.16
79.22,0.12
79.22,0.15
79.22,0.14
79.22,0.17
79.22,0.16
79.22,0.16
79.22,0.14
79.22,0.16
79.22,0.18
79.22,0.18
79.22,0.17
79.22,0.15
79.22,0.17
79.22,0.15
79.22,0.14
79.22,0.12
79.22,0.12
79.22,0.12
79.22,0.15
79.22,0.17
79.22,0.14
79.22,0.13
79.22,0.12
79.22,0.18
79.22,0.13
79.61,0.13
79.61,0.16
79.61,0.16
79.61,0.15
79.61,0.12
79.61,0.13
79.61,0.17
79.61,0.16
79.61,0.16
79.61,0.13
79.61,0.16
79.61,0.15
79.61,0.18
79.61,0.15
79.61,0.17
79.61,0.15
79.61,0.14
79.61,0.13
79.61,0.14
79.61,0.13
79.61,0.18
79.61,0.17
79.61,0.17
79.61,0.12
79.61,0.15
79.61,0.16
79.61,0.13
79.61,0.17
79.61,0.15
79.61,0.15
79.61,0.13
79.61,0.16
79.61,0.15
79.61,0.16
79.61,0.16
79.61,0.11
79.61,0.17
79.61,0.14
79.61,0.14
79.61,0.17
79.61,0.15
79.61,0.15
79.61,0.14
79.61,0.18
79.61,0.17
79.61,0.16
79.61,0.14
79.61,0.14
79.61,0.15
79.61,0.12
79.61,0.1
79.61,0.15
79.61,0.16
79.61,0.16
79.61,0.19
79.61,0.17
79.61,0.15
79.61,0.12
79.61,0.13
79.61,0.11
79.61,0.14
79.61,0.14
79.61,0.16
79.61,0.13
79.61,0.16
79.61,0.14
79.61,0.15
79.61,0.14
79.61,0.14
79.61,0.14
79.61,0.13
79.61,0.12
79.61,0.16
79.61,0.16
79.61,0.15
79.61,0.16
79.61,0.14
79.61,0.15
79.61,0.16
79.61,0.15
79.61,0.15
79.61,0.15
79.61,0.14
79.61,0.17
79.61,0.17
79.61,0.18
79.61,0.13
79.61,0.11
79.61,0.18
79.61,0.12
79.61,0.18
79.61,0.16
79.61,0.15
79.61,0.16
79.61,0.17
79.61,0.18
79.61,0.16
79.61,0.19
79.61,0.11
79.61,0.16
79.61,0.13
80.0,0.2
80.0,0.14
80.0,0.2
80.0,0.17
80.0,0.2
80.0,0.21
80.0,0.16
80.0,0.16
80.0,0.19
80.0,0.21
80.0,0.18
80.0,0.15
80.0,0.14
80.0,0.15
80.0,0.19
80.0,0.15
80.0,0.14
80.0,0.15
80.0,0.18
80.0,0.19
80.0,0.14
80.0,0.21
80.0,0.17
80.0,0.18
80.0,0.21
80.0,0.16
80.0,0.18
80.0,0.15
80.0,0.14
80.0,0.16
80.0,0.17
80.0,0.15
80.0,0.17
80.0,0.15
80.0,0.13
80.0,0.17
80.0,0.13
80.0,0.13
80.0,0.15
80.0,0.14
80.0,0.15
80.0,0.13
80.0,0.15
80.0,0.17
80.0,0.17
80.0,0.15
80.0,0.13
80.0,0.15
80.0,0.17
80.0,0.14
80.0,0.16
80.0,0.18
80.0,0.14
80.0,0.2
80.0,0.19
80.0,0.21
80.0,0.16
80.0,0.16
80.0,0.13
80.0,0.16
80.0,0.18
80.0,0.15
80.0,0.14
80.0,0.1
80.0,0.15
80.0,0.16
80.0,0.14
80.0,0.18
80.0,0.22
80.0,0.14
80.0,0.15
80.0,0.15
80.0,0.16
80.0,0.17
80.0,0.15
80.0,0.19
80.0,0.17
80.0,0.13
80.0,0.12
80.0,0.14
80.0,0.18
80.0,0.15
80.0,0.17
80.0,0.19
80.0,0.17
80.0,0.18
80.0,0.16
80.0,0.18
80.0,0.21
80.0,0.15
80.0,0.17
80.0,0.16
80.0,0.1
80.0,0.17
80.0,0.16
80.0,0.16
80.0,0.13
80.0,0.16
80.0,0.18
80.0,0.16
80.0,0.12
80.39,0.17
80.39,0.16
80.39,0.16
80.39,0.16
80.39,0.14
80.39,0.21
80.39,0.2
80.39,0.15
80.39,0.16
80.39,0.18
80.39,0.1
80.39,0.19
80.39,0.09
80.39,0.11
80.39,0.11
80.39,0.18
80.39,0.22
80.39,0.14
80.39,0.13
80.39,0.14
80.39,0.14
80.39,0.14
80.39,0.18
80.39,0.13
80.39,0.18
80.39,0.16
80.39,0.16
80.39,0.16
80.39,0.15
80.39,0.15
80.39,0.17
80.39,0.25
80.39,0.14
80.39,0.17
80.39,0.17
80.39,0.17
80.39,0.14
80.39,0.17
80.39,0.17
80.39,0.17
80.39,0.2
80.39,0.21
80.39,0.14
80.39,0.13
80.39,0.15
80.39,0.12
80.39,0.16
80.39,0.14
80.39,0.19
80.39,0.18
80.39,0.15
80.39,0.18
80.39,0.18
80.39,0.15
80.39,0.13
80.39,0.19
80.39,0.15
80.39,0.2
80.39,0.14
80.39,0.17
80.39,0.15
80.39,0.15
80.39,0.18
80.39,0.2
80.39,0.14
80.39,0.11
80.39,0.15
80.39,0.16
80.39,0.14
80.39,0.14
80.39,0.16
80.39,0.15
80.39,0.21
80.39,0.18
80.39,0.15
80.39,0.2
80.39,0.12
80.39,0.12
80.39,0.12
80.39,0.18
80.39,0.18
80.39,0.16
80.39,0.15
80.39,0.17
80.39,0.16
80.39,0.18
80.39,0.14
80.39,0.18
80.39,0.19
80.39,0.15
80.39,0.11
80.39,0.13
80.39,0.17
80.39,0.17
80.39,0.15
80.39,0.11
80.39,0.18
80.39,0.14
80.39,0.14
80.39,0.13
80.39,0.21
80.78,0.16
80.78,0.18
80.78,0.15
80.78,0.2
80.78,0.18
80.78,0.15
80.78,0.15
80.78,0.2
80.78,0.15
80.78,0.15
80.78,0.13
80.78,0.15
80.78,0.13
80.78,0.15
80.78,0.22
80.78,0.19
80.78,0.16
80.78,0.14
80.78,0.17
80.78,0.16
80.78,0.16
80.78,0.16
80.78,0.14
80.78,0.19
80.78,0.15
80.78,0.2
80.78,0.17
80.78,0.16
80.78,0.14
80.78,0.2
80.78,0.16
80.78,0.12
80.78,0.18
80.78,0.14
80.78,0.21
80.78,0.18
80.78,0.12
80.78,0.12
80.78,0.17
80.78,0.16
80.78,0.14
80.78,0.14
80.78,0.17
80.78,0.18
80.78,0.17
80.78,0.16
80.78,0.13
80.78,0.16
80.78,0.14
80.78,0.17
80.78,0.18
80.78,0.16
80.78,0.18
80.78,0.19
80.78,0.16
80.78,0.16
80.78,0.19
80.78,0.17
80.78,0.14
80.78,0.18
80.78,0.18
80.78,0.14
80.78,0.16
80.78,0.17
80.78,0.15
80.78,0.16
80.78,0.16
80.78,0.14
80.78,0.2
80.78,0.22
80.78,0.18
80.78,0.19
80.78,0.16
80.78,0.18
80.78,0.17
80.78,0.18
80.78,0.16
80.78,0.19
80.78,0.18
80.78,0.12
80.78,0.21
80.78,0.19
80.78,0.17
80.78,0.14
80.78,0.1
80.78,0.19
80.78,0.18
80.78,0.17
80.78,0.17
80.78,0.21
80.78,0.17
80.78,0.16
80.78,0.19
80.78,0.16
80.78,0.14
80.78,0.11
80.78,0.13
80.78,0.17
80.78,0.17
80.78,0.16
80.78,0.19
81.18,0.14
81.18,0.17
81.18,0.15
81.18,0.21
81.18,0.21
81.18,0.19
81.18,0.12
81.18,0.15
81.18,0.15
81.18,0.17
81.18,0.19
81.18,0.17
81.18,0.15
81.18,0.18
81.18,0.16
81.18,0.13
81.18,0.16
81.18,0.15
81.18,0.16
81.18,0.17
81.18,0.16
81.18,0.15
81.18,0.15
81.18,0.19
81.18,0.16
81.18,0.2
81.18,0.17
81.18,0.2
81.18,0.19
81.18,0.18
81.18,0.18
81.18,0.2
81.18,0.11
81.18,0.17
81.18,0.19
81.18,0.17
81.18,0.16
81.18,0.18
81.18,0.15
81.18,0.15
81.18,0.14
81.18,0.16
81.18,0.16
81.18,0.18
81.18,0.15
81.18,0.17
81.18,0.19
81.18,0.15
81.18,0.13
81.18,0.16
81.18,0.18
81.18,0.17
81.18,0.15
81.18,0.19
81.18,0.15
81.18,0.2
81.18,0.19
81.18,0.16
81.18,0.16
81.18,0.17
81.18,0.18
81.18,0.19
81.18,0.13
81.18,0.2
81.18,0.15
81.18,0.14
81.18,0.17
81.18,0.2
81.18,0.13
81.18,0.14
81.18,0.17
81.18,0.14
81.18,0.16
81.18,0.19
81.18,0.15
81.18,0.18
81.18,0.17
81.18,0.13
81.18,0.15
81.18,0.15
81.18,0.16
81.18,0.21
81.18,0.19
81.18,0.15
81.18,0.2
81.18,0.17
81.18,0.15
81.18,0.19
81.18,0.17
81.18,0.14
81.18,0.17
81.18,0.16
81.18,0.2
81.18,0.12
81.18,0.12
81.18,0.18
81.18,0.16
81.18,0.11
81.18,0.16
81.18,0.17
81.18,0.18
81.57,0.19
81.57,0.18
81.57,0.15
81.57,0.18
81.57,0.15
81.57,0.15
81.57,0.13
81.57,0.15
81.57,0.18
81.57,0.17
81.57,0.17
81.57,0.14
81.57,0.12
81.57,0.14
81.57,0.16
81.57,0.19
81.57,0.21
81.57,0.15
81.57,0.15
81.57,0.16
81.57,0.12
81.57,0.18
81.57,0.14
81.57,0.15
81.57,0.19
81.57,0.2
81.57,0.2
81.57,0.12
81.57,0.16
81.57,0.2
81.57,0.18
81.57,0.19
81.57,0.15
81.57,0.15
81.57,0.18
81.57,0.16
81.57,0.15
81.57,0.19
81.57,0.17
81.57,0.19
81.57,0.13
81.57,0.15
81.57,0.19
81.57,0.23
81.57,0.17
81.57,0.15
81.57,0.17
81.57,0.19
81.57,0.19
81.57,0.16
81.57,0.16
81.57,0.14
81.57,0.19
81.57,0.15
81.57,0.16
81.57,0.14
81.57,0.15
81.57,0.14
81.57,0.16
81.57,0.16
81.57,0.18
81.57,0.14
81.57,0.14
81.57,0.15
81.57,0.14
81.57,0.19
81.57,0.18
81.57,0.16
81.57,0.19
81.57,0.11
81.57,0.18
81.57,0.12
81.57,0.19
81.57,0.19
81.57,0.15
81.57,0.19
81.57,0.15
81.57,0.16
81.57,0.16
81.57,0.15
81.57,0.13
81.57,0.15
81.57,0.14
81.57,0.2
81.57,0.16
81.57,0.18
81.57,0.18
81.57,0.15
81.57,0.18
81.57,0.14
81.57,0.17
81.57,0.22
81.57,0.18
81.57,0.16
81.57,0.21
81.57,0.16
81.57,0.17
81.57,0.14
81.57,0.17
81.57,0.14
81.57,0.18
81.96,0.18
81.96,0.19
81.96,0.16
81.96,0.17
81.96,0.14
81.96,0.14
81.96,0.16
81.96,0.15
81.96,0.14
81.96,0.14
81.96,0.17
81.96,0.16
81.96,0.15
81.96,0.15
81.96,0.15
81.96,0.2
81.96,0.16
81.96,0.16
81.96,0.15
81.96,0.18
81.96,0.17
81.96,0.21
81.96,0.2
81.96,0.14
81.96,0.15
81.96,0.17
81.96,0.15
81.96,0.16
81.96,0.18
81.96,0.19
81.96,0.2
81.96,0.14
81.96,0.16
81.96,0.18
81.96,0.17
81.96,0.18
81.96,0.15
81.96,0.15
81.96,0.15
81.96,0.16
81.96,0.14
81.96,0.15
81.96,0.19
81.96,0.18
81.96,0.19
81.96,0.17
81.96,0.18
81.96,0.18
81.96,0.18
81.96,0.16
81.96,0.12
81.96,0.21
81.96,0.15
81.96,0.15
81.96,0.19
81.96,0.19
81.96,0.19
81.96,0.16
81.96,0.16
81.96,0.15
81.96,0.12
81.96,0.17
81.96,0.17
81.96,0.18
81.96,0.15
81.96,0.14
81.96,0.21
81.96,0.2
81.96,0.21
81.96,0.16
81.96,0.17
81.96,0.17
81.96,0.2
81.96,0.16
81.96,0.18
81.96,0.15
81.96,0.14
81.96,0.2
81.96,0.16
81.96,0.13
81.96,0.13
81.96,0.18
81.96,0.15
81.96,0.15
81.96,0.19
81.96,0.12
81.96,0.17
81.96,0.19
81.96,0.2
81.96,0.15
81.96,0.15
81.96,0.17
81.96,0.18
81.96,0.18
81.96,0.12
81.96,0.18
81.96,0.15
81.96,0.2
81.96,0.18
81.96,0.16
81.96,0.12
82.35,0.19
82.35,0.19
82.35,0.15
82.35,0.17
82.35,0.19
82.35,0.16
82.35,0.19
82.35,0.14
82.35,0.18
82.35,0.16
82.35,0.22
82.35,0.17
82.35,0.13
82.35,0.17
82.35,0.17
82.35,0.19
82.35,0.19
82.35,0.18
82.35,0.13
82.35,0.18
82.35,0.18
82.35,0.18
82.35,0.18
82.35,0.16
82.35,0.19
82.35,0.19
82.35,0.17
82.35,0.19
82.35,0.17
82.35,0.2
82.35,0.14
82.35,0.13
82.35,0.14
82.35,0.15
82.35,0.22
82.35,0.15
82.35,0.15
82.35,0.22
82.35,0.2
82.35,0.18
82.35,0.2
82.35,0.21
82.35,0.18
82.35,0.15
82.35,0.15
82.35,0.17
82.35,0.18
82.35,0.16
82.35,0.17
82.35,0.16
82.35,0.2
82.35,0.15
82.35,0.18
82.35,0.18
82.35,0.15
82.35,0.16
82.35,0.15
82.35,0.18
82.35,0.16
82.35,0.17
82.35,0.17
82.35,0.18
82.35,0.15
82.35,0.16
82.35,0.15
82.35,0.19
82.35,0.17
82.35,0.12
82.35,0.15
82.35,0.15
82.35,0.11
82.35,0.14
82.35,0.15
82.35,0.15
82.35,0.12
82.35,0.16
82.35,0.14
82.35,0.15
82.35,0.24
82.35,0.18
82.35,0.21
82.35,0.15
82.35,0.15
82.35,0.19
82.35,0.18
82.35,0.14
82.35,0.18
82.35,0.16
82.35,0.14
82.35,0.2
82.35,0.21
82.35,0.19
82.35,0.15
82.35,0.16
82.35,0.12
82.35,0.2
82.35,0.15
82.35,0.17
82.35,0.2
82.35,0.16
82.35,0.15
82.75,0.15
82.75,0.17
82.75,0.18
82.75,0.15
82.75,0.19
82.75,0.14
82.75,0.18
82.75,0.17
82.75,0.16
82.75,0.16
82.75,0.15
82.75,0.11
82.75,0.17
82.75,0.18
82.75,0.24
82.75,0.21
82.75,0.16
82.75,0.15
82.75,0.18
82.75,0.16
82.75,0.14
82.75,0.18
82.75,0.14
82.75,0.18
82.75,0.14
82.75,0.16
82.75,0.19
82.75,0.17
82.75,0.19
82.75,0.16
82.75,0.13
82.75,0.17
82.75,0.15
82.75,0.18
82.75,0.2
82.75,0.14
82.75,0.14
82.75,0.23
82.75,0.2
82.75,0.15
82.75,0.15
82.75,0.21
82.75,0.12
82.75,0.15
82.75,0.2
82.75,0.19
82.75,0.22
82.75,0.19
82.75,0.15
82.75,0.15
82.75,0.18
82.75,0.18
82.75,0.17
82.75,0.2
82.75,0.16
82.75,0.14
82.75,0.16
82.75,0.18
82.75,0.2
82.75,0.18
82.75,0.19
82.75,0.19
82.75,0.17
82.75,0.16
82.75,0.19
82.75,0.19
82.75,0.19
82.75,0.13
82.75,0.2
82.75,0.2
82.75,0.1
82.75,0.17
82.75,0.16
82.75,0.16
82.75,0.15
82.75,0.18
82.75,0.2
82.75,0.15
82.75,0.18
82.75,0.16
82.75,0.19
82.75,0.18
82.75,0.21
82.75,0.18
82.75,0.12
82.75,0.17
82.75,0.14
82.75,0.15
82.75,0.19
82.75,0.14
82.75,0.19
82.75,0.16
82.75,0.2
82.75,0.16
82.75,0.14
82.75,0.15
82.75,0.2
82.75,0.18
82.75,0.15
82.75,0.15
82.75,0.15
83.14,0.14
83.14,0.19
83.14,0.22
83.14,0.14
83.14,0.19
83.14,0.21
83.14,0.17
83.14,0.18
83.14,0.21
83.14,0.16
83.14,0.16
83.14,0.18
83.14,0.16
83.14,0.18
83.14,0.19
83.14,0.14
83.14,0.14
83.14,0.16
83.14,0.16
83.14,0.21
83.14,0.19
83.14,0.11
83.14,0.19
83.14,0.17
83.14,0.12
83.14,0.17
83.14,0.17
83.14,0.16
83.14,0.18
83.14,0.14
83.14,0.15
83.14,0.15
83.14,0.14
83.14,0.2
83.14,0.21
83.14,0.17
83.14,0.14
83.14,0.17
83.14,0.15
83.14,0.16
83.14,0.18
83.14,0.16
83.14,0.15
83.14,0.16
83.14,0.19
83.14,0.15
83.14,0.18
83.14,0.15
83.14,0.22
83.14,0.16
83.14,0.16
83.14,0.16
83.14,0.19
83.14,0.18
83.14,0.15
83.14,0.14
83.14,0.22
83.14,0.15
83.14,0.17
83.14,0.21
83.14,0.18
83.14,0.16
83.14,0.19
83.14,0.14
83.14,0.15
83.14,0.13
83.14,0.14
83.14,0.15
83.14,0.21
83.14,0.14
83.14,0.18
83.14,0.18
83.14,0.2
83.14,0.17
83.14,0.13
83.14,0.18
83.14,0.18
83.14,0.16
83.14,0.18
83.14,0.13
83.14,0.14
83.14,0.21
83.14,0.12
83.14,0.19
83.14,0.17
83.14,0.17
83.14,0.19
83.14,0.12
83.14,0.19
83.14,0.16
83.14,0.18
83.14,0.18
83.14,0.18
83.14,0.17
83.14,0.14
83.14,0.13
83.14,0.19
83.14,0.18
83.14,0.13
83.14,0.16
83.14,0.16
83.53,0.21
83.53,0.18
83.53,0.14
83.53,0.19
83.53,0.18
83.53,0.14
83.53,0.15
83.53,0.18
83.53,0.13
83.53,0.13
83.53,0.13
83.53,0.16
83.53,0.15
83.53,0.15
83.53,0.18
83.53,0.18
83.53,0.18
83.53,0.19
83.53,0.18
83.53,0.14
83.53,0.19
83.53,0.12
83.53,0.21
83.53,0.16
83.53,0.14
83.53,0.2
83.53,0.2
83.53,0.17
83.53,0.16
83.53,0.2
83.53,0.13
83.53,0.16
83.53,0.22
83.53,0.23
83.53,0.16
83.53,0.18
83.53,0.16
83.53,0.16
83.53,0.15
83.53,0.16
83.53,0.21
83.53,0.16
83.53,0.16
83.53,0.21
83.53,0.16
83.53,0.21
83.53,0.19
83.53,0.2
83.53,0.18
83.53,0.17
83.53,0.16
83.53,0.16
83.53,0.19
83.53,0.16
83.53,0.16
83.53,0.16
83.53,0.16
83.53,0.18
83.53,0.15
83.53,0.16
83.53,0.19
83.53,0.18
83.53,0.15
83.53,0.17
83.53,0.22
83.53,0.18
83.53,0.2
83.53,0.16
83.53,0.22
83.53,0.19
83.53,0.17
83.53,0.17
83.53,0.19
83.53,0.13
83.53,0.15
83.53,0.18
83.53,0.18
83.53,0.19
83.53,0.2
83.53,0.18
83.53,0.19
83.53,0.23
83.53,0.19
83.53,0.18
83.53,0.14
83.53,0.17
83.53,0.15
83.53,0.16
83.53,0.19
83.53,0.21
83.53,0.2
83.53,0.18
83.53,0.15
83.53,0.16
83.53,0.18
83.53,0.17
83.53,0.18
83.53,0.2
83.53,0.16
83.53,0.16
83.53,0.18
83.92,0.18
83.92,0.15
83.92,0.18
83.92,0.12
83.92,0.16
83.92,0.16
83.92,0.2
83.92,0.18
83.92,0.16
83.92,0.16
83.92,0.15
83.92,0.19
83.92,0.17
83.92,0.2
83.92,0.18
83.92,0.16
83.92,0.16
83.92,0.2
83.92,0.16
83.92,0.21
83.92,0.21
83.92,0.21
83.92,0.2
83.92,0.2
83.92,0.24
83.92,0.18
83.92,0.2
83.92,0.14
83.92,0.17
83.92,0.21
83.92,0.2
83.92,0.23
83.92,0.16
83.92,0.18
83.92,0.17
83.92,0.15
83.92,0.19
83.92,0.19
83.92,0.21
83.92,0.22
83.92,0.22
83.92,0.16
83.92,0.13
83.92,0.15
83.92,0.22
83.92,0.18
83.92,0.13
83.92,0.21
83.92,0.2
83.92,0.18
83.92,0.17
83.92,0.16
83.92,0.18
83.92,0.22
83.92,0.17
83.92,0.16
83.92,0.16
83.92,0.16
83.92,0.16
83.92,0.18
83.92,0.24
83.92,0.2
83.92,0.19
83.92,0.18
83.92,0.16
83.92,0.15
83.92,0.19
83.92,0.18
83.92,0.2
83.92,0.16
83.92,0.18
83.92,0.19
83.92,0.15
83.92,0.2
83.92,0.13
83.92,0.19
83.92,0.18
83.92,0.14
83.92,0.12
83.92,0.16
83.92,0.18
83.92,0.25
83.92,0.18
83.92,0.2
83.92,0.17
83.92,0.18
83.92,0.24
83.92,0.18
83.92,0.16
83.92,0.15
83.92,0.21
83.92,0.16
83.92,0.16
83.92,0.14
83.92,0.19
83.92,0.19
83.92,0.23
83.92,0.18
83.92,0.17
83.92,0.16
83.92,0.14
84.31,0.18
84.31,0.16
84.31,0.15
84.31,0.15
84.31,0.17
84.31,0.11
84.31,0.2
84.31,0.18
84.31,0.11
84.31,0.22
84.31,0.16
84.31,0.16
84.31,0.14
84.31,0.13
84.31,0.16
84.31,0.21
84.31,0.14
84.31,0.18
84.31,0.12
84.31,0.12
84.31,0.16
84.31,0.21
84.31,0.15
84.31,0.15
84.31,0.2
84.31,0.1
84.31,0.11
84.31,0.19
84.31,0.18
84.31,0.18
84.31,0.21
84.31,0.21
84.31,0.2
84.31,0.15
84.31,0.2
84.31,0.14
84.31,0.17
84.31,0.21
84.31,0.16
84.31,0.16
84.31,0.18
84.31,0.22
84.31,0.16
84.31,0.18
84.31,0.21
84.31,0.17
84.31,0.2
84.31,0.12
84.31,0.22
84.31,0.15
84.31,0.15
84.31,0.17
84.31,0.19
84.31,0.14
84.31,0.19
84.31,0.18
84.31,0.16
84.31,0.18
84.31,0.16
84.31,0.18
84.31,0.21
84.31,0.16
84.31,0.19
84.31,0.16
84.31,0.19
84.31,0.22
84.31,0.19
84.31,0.18
84.31,0.15
84.31,0.17
84.31,0.12
84.31,0.19
84.31,0.22
84.31,0.18
84.31,0.16
84.31,0.21
84.31,0.18
84.31,0.19
84.31,0.18
84.31,0.17
84.31,0.21
84.31,0.2
84.31,0.23
84.31,0.21
84.31,0.23
84.31,0.22
84.31,0.18
84.31,0.14
84.31,0.19
84.31,0.18
84.31,0.15
84.31,0.19
84.31,0.17
84.31,0.18
84.31,0.18
84.31,0.16
84.31,0.2
84.31,0.15
84.31,0.19
84.31,0.15
84.31,0.22
84.71,0.16
84.71,0.2
84.71,0.11
84.71,0.17
84.71,0.19
84.71,0.16
84.71,0.16
84.71,0.16
84.71,0.2
84.71,0.21
84.71,0.23
84.71,0.2
84.71,0.16
84.71,0.15
84.71,0.19
84.71,0.18
84.71,0.17
84.71,0.23
84.71,0.21
84.71,0.18
84.71,0.17
84.71,0.12
84.71,0.19
84.71,0.2
84.71,0.19
84.71,0.21
84.71,0.14
84.71,0.21
84.71,0.17
84.71,0.16
84.71,0.15
84.71,0.2
84.71,0.12
84.71,0.21
84.71,0.18
84.71,0.15
84.71,0.16
84.71,0.16
84.71,0.19
84.71,0.14
84.71,0.18
84.71,0.18
84.71,0.18
84.71,0.21
84.71,0.15
84.71,0.14
84.71,0.17
84.71,0.18
84.71,0.21
84.71,0.16
84.71,0.14
84.71,0.15
84.71,0.18
84.71,0.1
84.71,0.16
84.71,0.16
84.71,0.18
84.71,0.13
84.71,0.16
84.71,0.18
84.71,0.2
84.71,0.14
84.71,0.16
84.71,0.17
84.71,0.17
84.71,0.19
84.71,0.22
84.71,0.17
84.71,0.2
84.71,0.17
84.71,0.21
84.71,0.16
84.71,0.18
84.71,0.17
84.71,0.18
84.71,0.16
84.71,0.16
84.71,0.16
84.71,0.13
84.71,0.14
84.71,0.16
84.71,0.13
84.71,0.18
84.71,0.14
84.71,0.15
84.71,0.16
84.71,0.16
84.71,0.19
84.71,0.2
84.71,0.17
84.71,0.17
84.71,0.11
84.71,0.16
84.71,0.11
84.71,0.19
84.71,0.21
84.71,0.18
84.71,0.16
84.71,0.2
84.71,0.16
84.71,0.18
85.1,0.17
85.1,0.21
85.1,0.26
85.1,0.17
85.1,0.19
85.1,0.18
85.1,0.17
85.1,0.14
85.1,0.17
85.1,0.19
85.1,0.15
85.1,0.14
85.1,0.16
85.1,0.17
85.1,0.16
85.1,0.19
85.1,0.18
85.1,0.16
85.1,0.12
85.1,0.15
85.1,0.21
85.1,0.18
85.1,0.14
85.1,0.18
85.1,0.21
85.1,0.19
85.1,0.13
85.1,0.2
85.1,0.2
85.1,0.23
85.1,0.15
85.1,0.21
85.1,0.15
85.1,0.18
85.1,0.15
85.1,0.13
85.1,0.16
85.1,0.16
85.1,0.18
85.1,0.16
85.1,0.18
85.1,0.17
85.1,0.15
85.1,0.21
85.1,0.16
85.1,0.16
85.1,0.18
85.1,0.16
85.1,0.15
85.1,0.17
85.1,0.14
85.1,0.15
85.1,0.15
85.1,0.11
85.1,0.15
85.1,0.16
85.1,0.16
85.1,0.22
85.1,0.17
85.1,0.16
85.1,0.13
85.1,0.18
85.1,0.14
85.1,0.17
85.1,0.13
85.1,0.18
85.1,0.17
85.1,0.15
85.1,0.21
85.1,0.15
85.1,0.17
85.1,0.16
85.1,0.13
85.1,0.15
85.1,0.16
85.1,0.18
85.1,0.21
85.1,0.15
85.1,0.14
85.1,0.2
85.1,0.19
85.1,0.18
85.1,0.14
85.1,0.14
85.1,0.14
85.1,0.19
85.1,0.18
85.1,0.12
85.1,0.21
85.1,0.12
85.1,0.19
85.1,0.16
85.1,0.16
85.1,0.19
85.1,0.17
85.1,0.16
85.1,0.15
85.1,0.21
85.1,0.17
85.1,0.16
85.1,0.14
85.49,0.18
85.49,0.17
85.49,0.17
85.49,0.16
85.49,0.16
85.49,0.18
85.49,0.19
85.49,0.17
85.49,0.16
85.49,0.16
85.49,0.14
85.49,0.17
85.49,0.19
85.49,0.18
85.49,0.19
85.49,0.16
85.49,0.15
85.49,0.14
85.49,0.17
85.49,0.15
85.49,0.18
85.49,0.21
85.49,0.21
85.49,0.16
85.49,0.12
85.49,0.18
85.49,0.16
85.49,0.2
85.49,0.19
85.49,0.19
85.49,0.24
85.49,0.17
85.49,0.2
85.49,0.17
85.49,0.16
85.49,0.14
85.49,0.16
85.49,0.18
85.49,0.15
85.49,0.14
85.49,0.18
85.49,0.16
85.49,0.2
85.49,0.22
85.49,0.16
85.49,0.16
85.49,0.18
85.49,0.15
85.49,0.17
85.49,0.13
85.49,0.22
85.49,0.17
85.49,0.14
85.49,0.21
85.49,0.19
85.49,0.11
85.49,0.21
85.49,0.22
85.49,0.12
85.49,0.18
85.49,0.18
85.49,0.17
85.49,0.17
85.49,0.19
85.49,0.19
85.49,0.16
85.49,0.17
85.49,0.16
85.49,0.19
85.49,0.19
85.49,0.12
85.49,0.24
85.49,0.16
85.49,0.18
85.49,0.18
85.49,0.16
85.49,0.21
85.49,0.17
85.49,0.14
85.49,0.18
85.49,0.17
85.49,0.19
85.49,0.18
85.49,0.15
85.49,0.15
85.49,0.14
85.49,0.16
85.49,0.16
85.49,0.2
85.49,0.17
85.49,0.18
85.49,0.12
85.49,0.18
85.49,0.13
85.49,0.15
85.49,0.16
85.49,0.2
85.49,0.16
85.49,0.2
85.49,0.16
85.49,0.17
85.88,0.2
85.88,0.16
85.88,0.16
85.88,0.17
85.88,0.15
85.88,0.19
85.88,0.16
85.88,0.18
85.88,0.19
85.88,0.16
85.88,0.14
85.88,0.19
85.88,0.19
85.88,0.18
85.88,0.19
85.88,0.14
85.88,0.22
85.88,0.12
85.88,0.17
85.88,0.21
85.88,0.18
85.88,0.18
85.88,0.17
85.88,0.18
85.88,0.18
85.88,0.15
85.88,0.21
85.88,0.15
85.88,0.16
85.88,0.16
85.88,0.21
85.88,0.17
85.88,0.18
85.88,0.18
85.88,0.2
85.88,0.14
85.88,0.18
85.88,0.18
85.88,0.17
85.88,0.14
85.88,0.18
85.88,0.19
85.88,0.18
85.88,0.23
85.88,0.17
85.88,0.17
85.88,0.18
85.88,0.17
85.88,0.2
85.88,0.14
85.88,0.22
85.88,0.2
85.88,0.18
85.88,0.17
85.88,0.21
85.88,0.15
85.88,0.17
85.88,0.19
85.88,0.16
85.88,0.17
85.88,0.17
85.88,0.17
85.88,0.18
85.88,0.22
85.88,0.15
85.88,0.15
85.88,0.14
85.88,0.16
85.88,0.19
85.88,0.16
85.88,0.2
85.88,0.21
85.88,0.15
85.88,0.17
85.88,0.22
85.88,0.14
85.88,0.19
85.88,0.14
85.88,0.17
85.88,0.16
85.88,0.16
85.88,0.16
85.88,0.17
85.88,0.17
85.88,0.18
85.88,0.18
85.88,0.17
85.88,0.13
85.88,0.18
85.88,0.14
85.88,0.15
85.88,0.17
85.88,0.17
85.88,0.19
85.88,0.22
85.88,0.19
85.88,0.18
85.88,0.15
85.88,0.21
85.88,0.2
85.88,0.18
86.27,0.21
86.27,0.19
86.27,0.14
86.27,0.23
86.27,0.2
86.27,0.18
86.27,0.21
86.27,0.19
86.27,0.17
86.27,0.13
86.27,0.16
86.27,0.21
86.27,0.19
86.27,0.16
86.27,0.16
86.27,0.18
86.27,0.22
86.27,0.21
86.27,0.17
86.27,0.18
86.27,0.16
86.27,0.17
86.27,0.19
86.27,0.18
86.27,0.18
86.27,0.17
86.27,0.13
86.27,0.16
86.27,0.13
86.27,0.19
86.27,0.21
86.27,0.19
86.27,0.16
86.27,0.16
86.27,0.19
86.27,0.18
86.27,0.22
86.27,0.2
86.27,0.21
86.27,0.16
86.27,0.15
86.27,0.18
86.27,0.19
86.27,0.17
86.27,0.19
86.27,0.22
86.27,0.21
86.27,0.15
86.27,0.14
86.27,0.18
86.27,0.17
86.27,0.18
86.27,0.11
86.27,0.19
86.27,0.19
86.27,0.14
86.27,0.16
86.27,0.17
86.27,0.19
86.27,0.16
86.27,0.16
86.27,0.15
86.27,0.2
86.27,0.21
86.27,0.22
86.27,0.1
86.27,0.18
86.27,0.18
86.27,0.2
86.27,0.18
86.27,0.18
86.27,0.19
86.27,0.21
86.27,0.13
86.27,0.17
86.27,0.16
86.27,0.15
86.27,0.18
86.27,0.19
86.27,0.16
86.27,0.15
86.27,0.21
86.27,0.19
86.27,0.19
86.27,0.22
86.27,0.16
86.27,0.13
86.27,0.22
86.27,0.16
86.27,0.18
86.27,0.16
86.27,0.18
86.27,0.15
86.27,0.15
86.27,0.16
86.27,0.12
86.27,0.21
86.27,0.16
86.27,0.18
86.27,0.19
86.27,0.21
86.67,0.16
86.67,0.15
86.67,0.19
86.67,0.16
86.67,0.15
86.67,0.19
86.67,0.19
86.67,0.14
86.67,0.16
86.67,0.16
86.67,0.14
86.67,0.15
86.67,0.17
86.67,0.18
86.67,0.19
86.67,0.15
86.67,0.18
86.67,0.18
86.67,0.17
86.67,0.16
86.67,0.2
86.67,0.2
86.67,0.17
86.67,0.17
86.67,0.13
86.67,0.21
86.67,0.14
86.67,0.18
86.67,0.15
86.67,0.21
86.67,0.16
86.67,0.17
86.67,0.22
86.67,0.17
86.67,0.2
86.67,0.15
86.67,0.19
86.67,0.16
86.67,0.17
86.67,0.16
86.67,0.18
86.67,0.16
86.67,0.18
86.67,0.22
86.67,0.18
86.67,0.13
86.67,0.2
86.67,0.16
86.67,0.21
86.67,0.21
86.67,0.15
86.67,0.16
86.67,0.16
86.67,0.18
86.67,0.14
86.67,0.17
86.67,0.18
86.67,0.18
86.67,0.16
86.67,0.16
86.67,0.17
86.67,0.18
86.67,0.12
86.67,0.15
86.67,0.13
86.67,0.16
86.67,0.14
86.67,0.16
86.67,0.16
86.67,0.19
86.67,0.18
86.67,0.14
86.67,0.19
86.67,0.18
86.67,0.23
86.67,0.17
86.67,0.14
86.67,0.21
86.67,0.18
86.67,0.17
86.67,0.15
86.67,0.16
86.67,0.17
86.67,0.18
86.67,0.21
86.67,0.18
86.67,0.18
86.67,0.18
86.67,0.18
86.67,0.2
86.67,0.14
86.67,0.17
86.67,0.22
86.67,0.2
86.67,0.23
86.67,0.19
86.67,0.14
86.67,0.15
86.67,0.23
86.67,0.13
86.67,0.15
87.06,0.18
87.06,0.21
87.06,0.18
87.06,0.14
87.06,0.2
87.06,0.18
87.06,0.17
87.06,0.19
87.06,0.19
87.06,0.16
87.06,0.18
87.06,0.16
87.06,0.21
87.06,0.2
87.06,0.24
87.06,0.17
87.06,0.15
87.06,0.15
87.06,0.21
87.06,0.18
87.06,0.18
87.06,0.15
87.06,0.12
87.06,0.19
87.06,0.15
87.06,0.16
87.06,0.17
87.06,0.21
87.06,0.16
87.06,0.2
87.06,0.11
87.06,0.17
87.06,0.18
87.06,0.2
87.06,0.19
87.06,0.19
87.06,0.15
87.06,0.21
87.06,0.15
87.06,0.14
87.06,0.16
87.06,0.2
87.06,0.15
87.06,0.19
87.06,0.17
87.06,0.19
87.06,0.18
87.06,0.12
87.06,0.19
87.06,0.14
87.06,0.21
87.06,0.17
87.06,0.17
87.06,0.24
87.06,0.19
87.06,0.17
87.06,0.19
87.06,0.2
87.06,0.16
87.06,0.16
87.06,0.15
87.06,0.21
87.06,0.2
87.06,0.15
87.06,0.16
87.06,0.18
87.06,0.21
87.06,0.18
87.06,0.19
87.06,0.22
87.06,0.18
87.06,0.13
87.06,0.2
87.06,0.2
87.06,0.16
87.06,0.21
87.06,0.18
87.06,0.16
87.06,0.16
87.06,0.18
87.06,0.19
87.06,0.19
87.06,0.12
87.06,0.25
87.06,0.16
87.06,0.19
87.06,0.16
87.06,0.11
87.06,0.18
87.06,0.18
87.06,0.15
87.06,0.17
87.06,0.18
87.06,0.13
87.06,0.16
87.06,0.18
87.06,0.17
87.06,0.16
87.06,0.16
87.06,0.17
87.06,0.17
87.45,0.18
87.45,0.22
87.45,0.16
87.45,0.14
87.45,0.12
87.45,0.18
87.45,0.17
87.45,0.2
87.45,0.22
87.45,0.16
87.45,0.14
87.45,0.18
87.45,0.21
87.45,0.14
87.45,0.17
87.45,0.15
87.45,0.19
87.45,0.19
87.45,0.21
87.45,0.19
87.45,0.19
87.45,0.18
87.45,0.2
87.45,0.1
87.45,0.19
87.45,0.18
87.45,0.21
87.45,0.2
87.45,0.16
87.45,0.16
87.45,0.16
87.45,0.15
87.45,0.2
87.45,0.2
87.45,0.18
87.45,0.16
87.45,0.18
87.45,0.16
87.45,0.19
87.45,0.2
87.45,0.18
87.45,0.18
87.45,0.12
87.45,0.15
87.45,0.2
87.45,0.16
87.45,0.19
87.45,0.17
87.45,0.25
87.45,0.16
87.45,0.16
87.45,0.16
87.45,0.17
87.45,0.19
87.45,0.19
87.45,0.15
87.45,0.11
87.45,0.12
87.45,0.18
87.45,0.16
87.45,0.12
87.45,0.2
87.45,0.14
87.45,0.19
87.45,0.16
87.45,0.18
87.45,0.22
87.45,0.18
87.45,0.16
87.45,0.19
87.45,0.16
87.45,0.2
87.45,0.18
87.45,0.16
87.45,0.14
87.45,0.16
87.45,0.16
87.45,0.19
87.45,0.15
87.45,0.15
87.45,0.16
87.45,0.16
87.45,0.18
87.45,0.19
87.45,0.17
87.45,0.14
87.45,0.14
87.45,0.18
87.45,0.11
87.45,0.18
87.45,0.19
87.45,0.23
87.45,0.19
87.45,0.22
87.45,0.11
87.45,0.15
87.45,0.15
87.45,0.14
87.45,0.14
87.45,0.22
87.45,0.19
87.84,0.18
87.84,0.18
87.84,0.15
87.84,0.16
87.84,0.16
87.84,0.18
87.84,0.21
87.84,0.14
87.84,0.14
87.84,0.15
87.84,0.18
87.84,0.12
87.84,0.19
87.84,0.2
87.84,0.16
87.84,0.19
87.84,0.21
87.84,0.16
87.84,0.19
87.84,0.16
87.84,0.2
87.84,0.2
87.84,0.18
87.84,0.12
87.84,0.17
87.84,0.16
87.84,0.18
87.84,0.15
87.84,0.14
87.84,0.19
87.84,0.15
87.84,0.19
87.84,0.13
87.84,0.16
87.84,0.18
87.84,0.15
87.84,0.21
87.84,0.17
87.84,0.15
87.84,0.18
87.84,0.13
87.84,0.17
87.84,0.18
87.84,0.17
87.84,0.14
87.84,0.2
87.84,0.2
87.84,0.21
87.84,0.15
87.84,0.14
87.84,0.19
87.84,0.16
87.84,0.21
87.84,0.18
87.84,0.18
87.84,0.12
87.84,0.16
87.84,0.18
87.84,0.18
87.84,0.19
87.84,0.14
87.84,0.14
87.84,0.15
87.84,0.16
87.84,0.17
87.84,0.13
87.84,0.14
87.84,0.15
87.84,0.18
87.84,0.2
87.84,0.15
87.84,0.18
87.84,0.19
87.84,0.12
87.84,0.14
87.84,0.17
87.84,0.18
87.84,0.16
87.84,0.15
87.84,0.18
87.84,0.11
87.84,0.18
87.84,0.18
87.84,0.21
87.84,0.15
87.84,0.18
87.84,0.22
87.84,0.17
87.84,0.17
87.84,0.18
87.84,0.13
87.84,0.15
87.84,0.19
87.84,0.2
87.84,0.18
87.84,0.13
87.84,0.2
87.84,0.2
87.84,0.21
87.84,0.21
87.84,0.19
88.24,0.16
88.24,0.18
88.24,0.16
88.24,0.14
88.24,0.23
88.24,0.18
88.24,0.15
88.24,0.16
88.24,0.21
88.24,0.19
88.24,0.23
88.24,0.19
88.24,0.18
88.24,0.15
88.24,0.16
88.24,0.14
88.24,0.16
88.24,0.11
88.24,0.19
88.24,0.16
88.24,0.21
88.24,0.14
88.24,0.2
88.24,0.12
88.24,0.12
88.24,0.12
88.24,0.15
88.24,0.14
88.24,0.18
88.24,0.13
88.24,0.2
88.24,0.16
88.24,0.19
88.24,0.18
88.24,0.21
88.24,0.17
88.24,0.16
88.24,0.23
88.24,0.18
88.24,0.19
88.24,0.16
88.24,0.18
88.24,0.14
88.24,0.16
88.24,0.18
88.24,0.18
88.24,0.2
88.24,0.22
88.24,0.2
88.24,0.21
88.24,0.2
88.24,0.18
88.24,0.14
88.24,0.18
88.24,0.17
88.24,0.24
88.24,0.17
88.24,0.2
88.24,0.17
88.24,0.16
88.24,0.19
88.24,0.12
88.24,0.18
88.24,0.17
88.24,0.18
88.24,0.17
88.24,0.17
88.24,0.2
88.24,0.19
88.24,0.17
88.24,0.19
88.24,0.15
88.24,0.19
88.24,0.16
88.24,0.18
88.24,0.18
88.24,0.18
88.24,0.15
88.24,0.18
88.24,0.16
88.24,0.19
88.24,0.22
88.24,0.16
88.24,0.18
88.24,0.16
88.24,0.18
88.24,0.12
88.24,0.18
88.24,0.14
88.24,0.21
88.24,0.14
88.24,0.17
88.24,0.16
88.24,0.16
88.24,0.16
88.24,0.15
88.24,0.18
88.24,0.2
88.24,0.21
88.24,0.18
88.24,0.12
88.63,0.18
88.63,0.13
88.63,0.16
88.63,0.17
88.63,0.17
88.63,0.17
88.63,0.19
88.63,0.17
88.63,0.24
88.63,0.2
88.63,0.18
88.63,0.17
88.63,0.15
88.63,0.15
88.63,0.16
88.63,0.15
88.63,0.23
88.63,0.18
88.63,0.17
88.63,0.14
88.63,0.16
88.63,0.2
88.63,0.2
88.63,0.19
88.63,0.16
88.63,0.19
88.63,0.19
88.63,0.16
88.63,0.16
88.63,0.22
88.63,0.17
88.63,0.19
88.63,0.2
88.63,0.13
88.63,0.16
88.63,0.17
88.63,0.18
88.63,0.15
88.63,0.18
88.63,0.19
88.63,0.17
88.63,0.18
88.63,0.16
88.63,0.18
88.63,0.19
88.63,0.19
88.63,0.19
88.63,0.19
88.63,0.17
88.63,0.15
88.63,0.18
88.63,0.2
88.63,0.2
88.63,0.17
88.63,0.18
88.63,0.18
88.63,0.16
88.63,0.18
88.63,0.14
88.63,0.19
88.63,0.17
88.63,0.21
88.63,0.18
88.63,0.15
88.63,0.19
88.63,0.17
88.63,0.2
88.63,0.18
88.63,0.15
88.63,0.14
88.63,0.19
88.63,0.17
88.63,0.16
88.63,0.19
88.63,0.17
88.63,0.18
88.63,0.19
88.63,0.12
88.63,0.18
88.63,0.15
88.63,0.13
88.63,0.18
88.63,0.15
88.63,0.19
88.63,0.19
88.63,0.13
88.63,0.14
88.63,0.21
88.63,0.16
88.63,0.19
88.63,0.15
88.63,0.15
88.63,0.18
88.63,0.15
88.63,0.23
88.63,0.17
88.63,0.11
88.63,0.16
88.63,0.19
88.63,0.18
88.63,0.18
89.02,0.15
89.02,0.15
89.02,0.22
89.02,0.16
89.02,0.14
89.02,0.15
89.02,0.12
89.02,0.17
89.02,0.15
89.02,0.18
89.02,0.2
89.02,0.14
89.02,0.14
89.02,0.19
89.02,0.15
89.02,0.16
89.02,0.14
89.02,0.21
89.02,0.18
89.02,0.15
89.02,0.15
89.02,0.19
89.02,0.16
89.02,0.12
89.02,0.18
89.02,0.22
89.02,0.15
89.02,0.2
89.02,0.14
89.02,0.13
89.02,0.19
89.02,0.18
89.02,0.19
89.02,0.19
89.02,0.13
89.02,0.17
89.02,0.13
89.02,0.16
89.02,0.13
89.02,0.2
89.02,0.18
89.02,0.2
89.02,0.19
89.02,0.17
89.02,0.16
89.02,0.19
89.02,0.15
89.02,0.19
89.02,0.19
89.02,0.16
89.02,0.19
89.02,0.16
89.02,0.18
89.02,0.18
89.02,0.19
89.02,0.17
89.02,0.18
89.02,0.19
89.02,0.18
89.02,0.13
89.02,0.19
89.02,0.15
89.02,0.14
89.02,0.19
89.02,0.17
89.02,0.18
89.02,0.18
89.02,0.11
89.02,0.2
89.02,0.18
89.02,0.14
89.02,0.15
89.02,0.14
89.02,0.17
89.02,0.18
89.02,0.17
89.02,0.16
89.02,0.19
89.02,0.16
89.02,0.15
89.02,0.18
89.02,0.23
89.02,0.17
89.02,0.18
89.02,0.16
89.02,0.17
89.02,0.17
89.02,0.18
89.02,0.13
89.02,0.16
89.02,0.16
89.02,0.19
89.02,0.19
89.02,0.19
89.02,0.14
89.02,0.18
89.02,0.2
89.02,0.13
89.02,0.17
89.02,0.21
89.02,0.15
89.41,0.18
89.41,0.16
89.41,0.17
89.41,0.23
89.41,0.22
89.41,0.17
89.41,0.15
89.41,0.18
89.41,0.16
89.41,0.19
89.41,0.15
89.41,0.21
89.41,0.14
89.41,0.14
89.41,0.2
89.41,0.17
89.41,0.2
89.41,0.18
89.41,0.18
89.41,0.18
89.41,0.21
89.41,0.18
89.41,0.2
89.41,0.17
89.41,0.2
89.41,0.17
89.41,0.16
89.41,0.13
89.41,0.16
89.41,0.16
89.41,0.13
89.41,0.16
89.41,0.21
89.41,0.16
89.41,0.14
89.41,0.21
89.41,0.18
89.41,0.17
89.41,0.15
89.41,0.16
89.41,0.2
89.41,0.24
89.41,0.2
89.41,0.17
89.41,0.13
89.41,0.17
89.41,0.17
89.41,0.16
89.41,0.21
89.41,0.12
89.41,0.19
89.41,0.13
89.41,0.14
89.41,0.16
89.41,0.17
89.41,0.21
89.41,0.14
89.41,0.16
89.41,0.19
89.41,0.15
89.41,0.19
89.41,0.17
89.41,0.21
89.41,0.23
89.41,0.19
89.41,0.19
89.41,0.2
89.41,0.23
89.41,0.21
89.41,0.19
89.41,0.19
89.41,0.13
89.41,0.19
89.41,0.21
89.41,0.17
89.41,0.19
89.41,0.14
89.41,0.19
89.41,0.14
89.41,0.21
89.41,0.15
89.41,0.14
89.41,0.2
89.41,0.18
89.41,0.2
89.41,0.18
89.41,0.17
89.41,0.21
89.41,0.18
89.41,0.21
89.41,0.19
89.41,0.22
89.41,0.26
89.41,0.26
89.41,0.21
89.41,0.29
89.41,0.19
89.41,0.21
89.41,0.19
89.41,0.19
89.41,0.22
89.8,0.19
89.8,0.23
89.8,0.18
89.8,0.24
89.8,0.17
89.8,0.2
89.8,0.21
89.8,0.23
89.8,0.26
89.8,0.21
89.8,0.12
89.8,0.19
89.8,0.25
89.8,0.2
89.8,0.25
89.8,0.15
89.8,0.2
89.8,0.21
89.8,0.23
89.8,0.2
89.8,0.25
89.8,0.19
89.8,0.18
89.8,0.19
89.8,0.19
89.8,0.21
89.8,0.19
89.8,0.19
89.8,0.23
89.8,0.15
89.8,0.21
89.8,0.18
89.8,0.13
89.8,0.18
89.8,0.13
89.8,0.16
89.8,0.15
89.8,0.22
89.8,0.2
89.8,0.21
89.8,0.21
89.8,0.25
89.8,0.18
89.8,0.2
89.8,0.24
89.8,0.15
89.8,0.19
89.8,0.16
89.8,0.15
89.8,0.2
89.8,0.15
89.8,0.21
89.8,0.18
89.8,0.19
89.8,0.22
89.8,0.22
89.8,0.18
89.8,0.2
89.8,0.22
89.8,0.19
89.8,0.21
89.8,0.13
89.8,0.19
89.8,0.19
89.8,0.22
89.8,0.21
89.8,0.18
89.8,0.12
89.8,0.25
89.8,0.22
89.8,0.14
89.8,0.19
89.8,0.21
89.8,0.2
89.8,0.22
89.8,0.23
89.8,0.25
89.8,0.21
89.8,0.15
89.8,0.14
89.8,0.23
89.8,0.19
89.8,0.17
89.8,0.21
89.8,0.19
89.8,0.2
89.8,0.22
89.8,0.2
89.8,0.18
89.8,0.21
89.8,0.25
89.8,0.15
89.8,0.17
89.8,0.19
89.8,0.19
89.8,0.21
89.8,0.25
89.8,0.21
89.8,0.22
89.8,0.13
89.8,0.2
90.2,0.2
90.2,0.25
90.2,0.21
90.2,0.2
90.2,0.21
90.2,0.14
90.2,0.2
90.2,0.22
90.2,0.17
90.2,0.19
90.2,0.18
90.2,0.21
90.2,0.15
90.2,0.2
90.2,0.18
90.2,0.17
90.2,0.2
90.2,0.23
90.2,0.23
90.2,0.2
90.2,0.16
90.2,0.25
90.2,0.19
90.2,0.19
90.2,0.22
90.2,0.17
90.2,0.16
90.2,0.2
90.2,0.19
90.2,0.19
90.2,0.23
90.2,0.24
90.2,0.21
90.2,0.18
90.2,0.15
90.2,0.23
90.2,0.16
90.2,0.21
90.2,0.21
90.2,0.22
90.2,0.19
90.2,0.24
90.2,0.19
90.2,0.2
90.2,0.14
90.2,0.19
90.2,0.23
90.2,0.19
90.2,0.15
90.2,0.24
90.2,0.21
90.2,0.17
90.2,0.22
90.2,0.22
90.2,0.18
90.2,0.25
90.2,0.18
90.2,0.2
90.2,0.19
90.2,0.18
90.2,0.18
90.2,0.17
90.2,0.17
90.2,0.22
90.2,0.11
90.2,0.15
90.2,0.2
90.2,0.2
90.2,0.21
90.2,0.18
90.2,0.19
90.2,0.16
90.2,0.23
90.2,0.22
90.2,0.16
90.2,0.23
90.2,0.26
90.2,0.21
90.2,0.22
90.2,0.2
90.2,0.18
90.2,0.23
90.2,0.21
90.2,0.23
90.2,0.2
90.2,0.22
90.2,0.18
90.2,0.25
90.2,0.23
90.2,0.22
90.2,0.19
90.2,0.23
90.2,0.21
90.2,0.23
90.2,0.14
90.2,0.18
90.2,0.2
90.2,0.24
90.2,0.14
90.2,0.26
90.2,0.22
90.59,0.22
90.59,0.1
90.59,0.19
90.59,0.21
90.59,0.19
90.59,0.21
90.59,0.22
90.59,0.18
90.59,0.16
90.59,0.19
90.59,0.25
90.59,0.16
90.59,0.21
90.59,0.18
90.59,0.21
90.59,0.22
90.59,0.23
90.59,0.15
90.59,0.17
90.59,0.22
90.59,0.21
90.59,0.22
90.59,0.12
90.59,0.17
90.59,0.16
90.59,0.12
90.59,0.21
90.59,0.22
90.59,0.18
90.59,0.19
90.59,0.24
90.59,0.22
90.59,0.18
90.59,0.19
90.59,0.17
90.59,0.21
90.59,0.23
90.59,0.17
90.59,0.22
90.59,0.18
90.59,0.25
90.59,0.21
90.59,0.17
90.59,0.16
90.59,0.18
90.59,0.17
90.59,0.2
90.59,0.18
90.59,0.2
90.59,0.18
90.59,0.27
90.59,0.19
90.59,0.23
90.59,0.18
90.59,0.21
90.59,0.23
90.59,0.15
90.59,0.19
90.59,0.21
90.59,0.22
90.59,0.23
90.59,0.19
90.59,0.22
90.59,0.18
90.59,0.21
90.59,0.19
90.59,0.25
90.59,0.18
90.59,0.15
90.59,0.18
90.59,0.22
90.59,0.21
90.59,0.19
90.59,0.17
90.59,0.16
90.59,0.18
90.59,0.17
90.59,0.15
90.59,0.2
90.59,0.16
90.59,0.22
90.59,0.2
90.59,0.14
90.59,0.24
90.59,0.17
90.59,0.17
90.59,0.18
90.59,0.22
90.59,0.16
90.59,0.24
90.59,0.16
90.59,0.17
90.59,0.22
90.59,0.23
90.59,0.19
90.59,0.17
90.59,0.24
90.59,0.23
90.59,0.17
90.59,0.21
90.59,0.18
90.98,0.17
90.98,0.24
90.98,0.18
90.98,0.25
90.98,0.2
90.98,0.23
90.98,0.2
90.98,0.17
90.98,0.23
90.98,0.22
90.98,0.18
90.98,0.2
90.98,0.13
90.98,0.25
90.98,0.19
90.98,0.21
90.98,0.27
90.98,0.19
90.98,0.13
90.98,0.24
90.98,0.18
90.98,0.17
90.98,0.18
90.98,0.21
90.98,0.19
90.98,0.22
90.98,0.26
90.98,0.22
90.98,0.22
90.98,0.21
90.98,0.22
90.98,0.15
90.98,0.18
90.98,0.21
90.98,0.19
90.98,0.19
90.98,0.23
90.98,0.17
90.98,0.19
90.98,0.2
90.98,0.19
90.98,0.2
90.98,0.22
90.98,0.24
90.98,0.18
90.98,0.19
90.98,0.16
90.98,0.2
90.98,0.2
90.98,0.23
90.98,0.24
90.98,0.13
90.98,0.21
90.98,0.25
90.98,0.24
90.98,0.19
90.98,0.18
90.98,0.24
90.98,0.18
90.98,0.21
90.98,0.23
90.98,0.23
90.98,0.22
90.98,0.15
90.98,0.27
90.98,0.23
90.98,0.21
90.98,0.28
90.98,0.15
90.98,0.22
90.98,0.15
90.98,0.23
90.98,0.2
90.98,0.24
90.98,0.21
90.98,0.24
90.98,0.21
90.98,0.25
90.98,0.24
90.98,0.25
90.98,0.29
90.98,0.29
90.98,0.17
90.98,0.22
90.98,0.26
90.98,0.16
90.98,0.16
90.98,0.18
90.98,0.21
90.98,0.26
90.98,0.23
90.98,0.27
90.98,0.27
90.98,0.27
90.98,0.27
90.98,0.22
90.98,0.16
90.98,0.25
90.98,0.22
90.98,0.22
90.98,0.24
91.37,0.23
91.37,0.23
91.37,0.25
91.37,0.23
91.37,0.24
91.37,0.22
91.37,0.23
91.37,0.16
91.37,0.2
91.37,0.2
91.37,0.23
91.37,0.18
91.37,0.17
91.37,0.13
91.37,0.18
91.37,0.25
91.37,0.23
91.37,0.23
91.37,0.19
91.37,0.25
91.37,0.2
91.37,0.25
91.37,0.19
91.37,0.21
91.37,0.22
91.37,0.25
91.37,0.28
91.37,0.24
91.37,0.27
91.37,0.16
91.37,0.22
91.37,0.3
91.37,0.25
91.37,0.22
91.37,0.24
91.37,0.23
91.37,0.17
91.37,0.23
91.37,0.19
91.37,0.16
91.37,0.25
91.37,0.23
91.37,0.2
91.37,0.22
91.37,0.23
91.37,0.26
91.37,0.17
91.37,0.23
91.37,0.23
91.37,0.13
91.37,0.27
91.37,0.18
91.37,0.25
91.37,0.25
91.37,0.18
91.37,0.18
91.37,0.21
91.37,0.23
91.37,0.19
91.37,0.19
91.37,0.21
91.37,0.24
91.37,0.25
91.37,0.23
91.37,0.22
91.37,0.21
91.37,0.22
91.37,0.19
91.37,0.16
91.37,0.2
91.37,0.23
91.37,0.18
91.37,0.23
91.37,0.23
91.37,0.16
91.37,0.18
91.37,0.19
91.37,0.24
91.37,0.19
91.37,0.19
91.37,0.27
91.37,0.22
91.37,0.22
91.37,0.23
91.37,0.21
91.37,0.24
91.37,0.17
91.37,0.23
91.37,0.17
91.37,0.25
91.37,0.21
91.37,0.22
91.37,0.25
91.37,0.24
91.37,0.22
91.37,0.23
91.37,0.25
91.37,0.27
91.37,0.14
91.37,0.26
91.37,0.17
91.76,0.17
91.76,0.21
91.76,0.18
91.76,0.18
91.76,0.23
91.76,0.13
91.76,0.23
91.76,0.22
91.76,0.16
91.76,0.15
91.76,0.21
91.76,0.29
91.76,0.18
91.76,0.21
91.76,0.21
91.76,0.17
91.76,0.26
91.76,0.16
91.76,0.15
91.76,0.2
91.76,0.24
91.76,0.25
91.76,0.18
91.76,0.19
91.76,0.28
91.76,0.19
91.76,0.25
91.76,0.19
91.76,0.25
91.76,0.24
91.76,0.25
91.76,0.19
91.76,0.22
91.76,0.18
91.76,0.15
91.76,0.25
91.76,0.17
91.76,0.25
91.76,0.24
91.76,0.22
91.76,0.21
91.76,0.25
91.76,0.23
91.76,0.23
91.76,0.22
91.76,0.14
91.76,0.17
91.76,0.21
91.76,0.26
91.76,0.18
91.76,0.21
91.76,0.17
91.76,0.17
91.76,0.18
91.76,0.22
91.76,0.23
91.76,0.21
91.76,0.19
91.76,0.16
91.76,0.2
91.76,0.19
91.76,0.23
91.76,0.24
91.76,0.18
91.76,0.21
91.76,0.21
91.76,0.16
91.76,0.18
91.76,0.18
91.76,0.25
91.76,0.16
91.76,0.17
91.76,0.23
91.76,0.21
91.76,0.18
91.76,0.23
91.76,0.18
91.76,0.27
91.76,0.18
91.76,0.19
91.76,0.11
91.76,0.24
91.76,0.19
91.76,0.19
91.76,0.18
91.76,0.22
91.76,0.17
91.76,0.23
91.76,0.21
91.76,0.21
91.76,0.19
91.76,0.2
91.76,0.22
91.76,0.17
91.76,0.23
91.76,0.24
91.76,0.18
91.76,0.25
91.76,0.13
91.76,0.19
91.76,0.18
92.16,0.24
92.16,0.3
92.16,0.25
92.16,0.18
92.16,0.22
92.16,0.16
92.16,0.25
92.16,0.21
92.16,0.23
92.16,0.22
92.16,0.23
92.16,0.16
92.16,0.26
92.16,0.19
92.16,0.18
92.16,0.2
92.16,0.19
92.16,0.17
92.16,0.13
92.16,0.23
92.16,0.21
92.16,0.21
92.16,0.22
92.16,0.19
92.16,0.17
92.16,0.19
92.16,0.16
92.16,0.29
92.16,0.24
92.16,0.19
92.16,0.16
92.16,0.2
92.16,0.2
92.16,0.19
92.16,0.22
92.16,0.16
92.16,0.18
92.16,0.25
92.16,0.22
92.16,0.17
92.16,0.22
92.16,0.22
92.16,0.19
92.16,0.22
92.16,0.17
92.16,0.22
92.16,0.2
92.16,0.19
92.16,0.2
92.16,0.2
92.16,0.15
92.16,0.25
92.16,0.26
92.16,0.24
92.16,0.26
92.16,0.26
92.16,0.28
92.16,0.24
92.16,0.17
92.16,0.2
92.16,0.23
92.16,0.18
92.16,0.19
92.16,0.23
92.16,0.16
92.16,0.27
92.16,0.18
92.16,0.23
92.16,0.29
92.16,0.24
92.16,0.24
92.16,0.23
92.16,0.22
92.16,0.27
92.16,0.25
92.16,0.29
92.16,0.23
92.16,0.25
92.16,0.19
92.16,0.27
92.16,0.23
92.16,0.25
92.16,0.21
92.16,0.21
92.16,0.22
92.16,0.27
92.16,0.18
92.16,0.12
92.16,0.27
92.16,0.27
92.16,0.15
92.16,0.19
92.16,0.2
92.16,0.22
92.16,0.21
92.16,0.2
92.16,0.21
92.16,0.24
92.16,0.22
92.16,0.23
92.16,0.22
92.55,0.17
92.55,0.2
92.55,0.26
92.55,0.21
92.55,0.22
92.55,0.2
92.55,0.22
92.55,0.2
92.55,0.19
92.55,0.27
92.55,0.22
92.55,0.25
92.55,0.23
92.55,0.27
92.55,0.27
92.55,0.19
92.55,0.23
92.55,0.19
92.55,0.26
92.55,0.26
92.55,0.21
92.55,0.28
92.55,0.25
92.55,0.21
92.55,0.18
92.55,0.22
92.55,0.22
92.55,0.22
92.55,0.22
92.55,0.24
92.55,0.23
92.55,0.3
92.55,0.22
92.55,0.21
92.55,0.21
92.55,0.26
92.55,0.23
92.55,0.21
92.55,0.26
92.55,0.16
92.55,0.22
92.55,0.22
92.55,0.2
92.55,0.24
92.55,0.17
92.55,0.14
92.55,0.18
92.55,0.29
92.55,0.26
92.55,0.17
92.55,0.28
92.55,0.24
92.55,0.24
92.55,0.18
92.55,0.17
92.55,0.21
92.55,0.26
92.55,0.2
92.55,0.19
92.55,0.33
92.55,0.25
92.55,0.23
92.55,0.21
92.55,0.18
92.55,0.25
92.55,0.14
92.55,0.16
92.55,0.28
92.55,0.32
92.55,0.21
92.55,0.24
92.55,0.25
92.55,0.27
92.55,0.3
92.55,0.18
92.55,0.19
92.55,0.22
92.55,0.23
92.55,0.24
92.55,0.18
92.55,0.26
92.55,0.23
92.55,0.23
92.55,0.23
92.55,0.22
92.55,0.16
92.55,0.18
92.55,0.23
92.55,0.26
92.55,0.21
92.55,0.25
92.55,0.22
92.55,0.26
92.55,0.15
92.55,0.18
92.55,0.28
92.55,0.17
92.55,0.24
92.55,0.22
92.55,0.21
92.55,0.22
92.94,0.2
92.94,0.21
92.94,0.19
92.94,0.23
92.94,0.18
92.94,0.19
92.94,0.26
92.94,0.23
92.94,0.21
92.94,0.17
92.94,0.31
92.94,0.23
92.94,0.23
92.94,0.26
92.94,0.18
92.94,0.26
92.94,0.24
92.94,0.29
92.94,0.26
92.94,0.23
92.94,0.21
92.94,0.22
92.94,0.23
92.94,0.15
92.94,0.22
92.94,0.23
92.94,0.18
92.94,0.18
92.94,0.21
92.94,0.15
92.94,0.15
92.94,0.27
92.94,0.21
92.94,0.27
92.94,0.19
92.94,0.21
92.94,0.24
92.94,0.27
92.94,0.26
92.94,0.25
92.94,0.22
92.94,0.17
92.94,0.17
92.94,0.17
92.94,0.23
92.94,0.23
92.94,0.25
92.94,0.27
92.94,0.2
92.94,0.27
92.94,0.18
92.94,0.26
92.94,0.23
92.94,0.21
92.94,0.2
92.94,0.23
92.94,0.21
92.94,0.21
92.94,0.23
92.94,0.24
92.94,0.2
92.94,0.17
92.94,0.17
92.94,0.2
92.94,0.18
92.94,0.22
92.94,0.22
92.94,0.18
92.94,0.25
92.94,0.21
92.94,0.27
92.94,0.18
92.94,0.24
92.94,0.26
92.94,0.21
92.94,0.18
92.94,0.19
92.94,0.21
92.94,0.22
92.94,0.19
92.94,0.23
92.94,0.17
92.94,0.18
92.94,0.18
92.94,0.25
92.94,0.19
92.94,0.15
92.94,0.18
92.94,0.24
92.94,0.25
92.94,0.2
92.94,0.23
92.94,0.26
92.94,0.15
92.94,0.23
92.94,0.21
92.94,0.22
92.94,0.24
92.94,0.21
92.94,0.25
92.94,0.29
93.33,0.19
93.33,0.26
93.33,0.2
93.33,0.22
93.33,0.28
93.33,0.24
93.33,0.25
93.33,0.28
93.33,0.28
93.33,0.16
93.33,0.25
93.33,0.22
93.33,0.29
93.33,0.24
93.33,0.23
93.33,0.27
93.33,0.2
93.33,0.26
93.33,0.23
93.33,0.3
93.33,0.2
93.33,0.18
93.33,0.25
93.33,0.17
93.33,0.27
93.33,0.18
93.33,0.23
93.33,0.23
93.33,0.19
93.33,0.23
93.33,0.2
93.33,0.22
93.33,0.26
93.33,0.27
93.33,0.22
93.33,0.32
93.33,0.3
93.33,0.23
93.33,0.21
93.33,0.2
93.33,0.24
93.33,0.18
93.33,0.23
93.33,0.22
93.33,0.21
93.33,0.2
93.33,0.19
93.33,0.2
93.33,0.28
93.33,0.2
93.33,0.15
93.33,0.15
93.33,0.3
93.33,0.22
93.33,0.21
93.33,0.23
93.33,0.21
93.33,0.25
93.33,0.26
93.33,0.22
93.33,0.21
93.33,0.21
93.33,0.21
93.33,0.27
93.33,0.17
93.33,0.28
93.33,0.23
93.33,0.16
93.33,0.23
93.33,0.23
93.33,0.24
93.33,0.23
93.33,0.26
93.33,0.23
93.33,0.33
93.33,0.2
93.33,0.2
93.33,0.29
93.33,0.17
93.33,0.26
93.33,0.19
93.33,0.19
93.33,0.28
93.33,0.25
93.33,0.23
93.33,0.21
93.33,0.25
93.33,0.19
93.33,0.24
93.33,0.19
93.33,0.27
93.33,0.23
93.33,0.26
93.33,0.24
93.33,0.21
93.33,0.2
93.33,0.23
93.33,0.17
93.33,0.27
93.33,0.28
93.33,0.19
93.73,0.28
93.73,0.24
93.73,0.26
93.73,0.26
93.73,0.21
93.73,0.28
93.73,0.3
93.73,0.23
93.73,0.22
93.73,0.22
93.73,0.25
93.73,0.17
93.73,0.2
93.73,0.17
93.73,0.23
93.73,0.17
93.73,0.2
93.73,0.23
93.73,0.25
93.73,0.32
93.73,0.26
93.73,0.32
93.73,0.21
93.73,0.29
93.73,0.16
93.73,0.23
93.73,0.28
93.73,0.15
93.73,0.25
93.73,0.25
93.73,0.27
93.73,0.26
93.73,0.14
93.73,0.2
93.73,0.28
93.73,0.22
93.73,0.34
93.73,0.25
93.73,0.24
93.73,0.21
93.73,0.23
93.73,0.25
93.73,0.24
93.73,0.25
93.73,0.26
93.73,0.21
93.73,0.19
93.73,0.22
93.73,0.22
93.73,0.13
93.73,0.25
93.73,0.25
93.73,0.22
93.73,0.18
93.73,0.21
93.73,0.19
93.73,0.27
93.73,0.29
93.73,0.24
93.73,0.31
93.73,0.23
93.73,0.26
93.73,0.24
93.73,0.22
93.73,0.27
93.73,0.2
93.73,0.24
93.73,0.28
93.73,0.29
93.73,0.31
93.73,0.25
93.73,0.22
93.73,0.24
93.73,0.23
93.73,0.24
93.73,0.27
93.73,0.24
93.73,0.26
93.73,0.3
93.73,0.23
93.73,0.26
93.73,0.25
93.73,0.31
93.73,0.31
93.73,0.27
93.73,0.3
93.73,0.25
93.73,0.24
93.73,0.23
93.73,0.27
93.73,0.28
93.73,0.25
93.73,0.19
93.73,0.24
93.73,0.22
93.73,0.25
93.73,0.2
93.73,0.25
93.73,0.25
93.73,0.22
93.73,0.27
94.12,0.26
94.12,0.22
94.12,0.29
94.12,0.3
94.12,0.25
94.12,0.21
94.12,0.17
94.12,0.23
94.12,0.17
94.12,0.19
94.12,0.24
94.12,0.28
94.12,0.33
94.12,0.21
94.12,0.21
94.12,0.22
94.12,0.24
94.12,0.2
94.12,0.26
94.12,0.28
94.12,0.25
94.12,0.26
94.12,0.26
94.12,0.24
94.12,0.26
94.12,0.17
94.12,0.24
94.12,0.27
94.12,0.16
94.12,0.27
94.12,0.21
94.12,0.31
94.12,0.27
94.12,0.25
94.12,0.28
94.12,0.25
94.12,0.26
94.12,0.27
94.12,0.24
94.12,0.14
94.12,0.23
94.12,0.22
94.12,0.22
94.12,0.22
94.12,0.16
94.12,0.29
94.12,0.22
94.12,0.22
94.12,0.25
94.12,0.22
94.12,0.26
94.12,0.26
94.12,0.24
94.12,0.24
94.12,0.24
94.12,0.21
94.12,0.24
94.12,0.19
94.12,0.25
94.12,0.22
94.12,0.22
94.12,0.24
94.12,0.18
94.12,0.21
94.12,0.19
94.12,0.19
94.12,0.19
94.12,0.2
94.12,0.19
94.12,0.19
94.12,0.22
94.12,0.19
94.12,0.17
94.12,0.18
94.12,0.25
94.12,0.23
94.12,0.23
94.12,0.19
94.12,0.25
94.12,0.22
94.12,0.14
94.12,0.19
94.12,0.18
94.12,0.19
94.12,0.26
94.12,0.26
94.12,0.22
94.12,0.16
94.12,0.18
94.12,0.17
94.12,0.21
94.12,0.25
94.12,0.18
94.12,0.15
94.12,0.2
94.12,0.23
94.12,0.26
94.12,0.15
94.12,0.23
94.12,0.2
94.12,0.23
94.51,0.25
94.51,0.2
94.51,0.18
94.51,0.19
94.51,0.19
94.51,0.24
94.51,0.21
94.51,0.2
94.51,0.23
94.51,0.18
94.51,0.24
94.51,0.25
94.51,0.18
94.51,0.22
94.51,0.19
94.51,0.19
94.51,0.21
94.51,0.18
94.51,0.19
94.51,0.25
94.51,0.18
94.51,0.2
94.51,0.25
94.51,0.21
94.51,0.18
94.51,0.16
94.51,0.19
94.51,0.22
94.51,0.17
94.51,0.2
94.51,0.21
94.51,0.24
94.51,0.19
94.51,0.21
94.51,0.19
94.51,0.18
94.51,0.25
94.51,0.23
94.51,0.25
94.51,0.23
94.51,0.19
94.51,0.19
94.51,0.15
94.51,0.22
94.51,0.19
94.51,0.2
94.51,0.26
94.51,0.22
94.51,0.19
94.51,0.33
94.51,0.18
94.51,0.22
94.51,0.19
94.51,0.28
94.51,0.25
94.51,0.23
94.51,0.21
94.51,0.21
94.51,0.24
94.51,0.18
94.51,0.19
94.51,0.19
94.51,0.16
94.51,0.21
94.51,0.16
94.51,0.23
94.51,0.28
94.51,0.25
94.51,0.21
94.51,0.19
94.51,0.23
94.51,0.26
94.51,0.19
94.51,0.24
94.51,0.23
94.51,0.22
94.51,0.22
94.51,0.23
94.51,0.23
94.51,0.19
94.51,0.23
94.51,0.21
94.51,0.23
94.51,0.2
94.51,0.27
94.51,0.19
94.51,0.27
94.51,0.21
94.51,0.27
94.51,0.25
94.51,0.21
94.51,0.19
94.51,0.18
94.51,0.2
94.51,0.21
94.51,0.25
94.51,0.22
94.51,0.19
94.51,0.17
94.51,0.31
94.51,0.27
94.9,0.21
94.9,0.28
94.9,0.24
94.9,0.17
94.9,0.22
94.9,0.23
94.9,0.19
94.9,0.32
94.9,0.26
94.9,0.3
94.9,0.28
94.9,0.26
94.9,0.24
94.9,0.25
94.9,0.22
94.9,0.19
94.9,0.22
94.9,0.22
94.9,0.21
94.9,0.3
94.9,0.29
94.9,0.3
94.9,0.26
94.9,0.22
94.9,0.24
94.9,0.27
94.9,0.23
94.9,0.25
94.9,0.18
94.9,0.22
94.9,0.29
94.9,0.17
94.9,0.19
94.9,0.23
94.9,0.25
94.9,0.19
94.9,0.27
94.9,0.26
94.9,0.22
94.9,0.18
94.9,0.22
94.9,0.27
94.9,0.22
94.9,0.23
94.9,0.33
94.9,0.19
94.9,0.19
94.9,0.25
94.9,0.3
94.9,0.3
94.9,0.26
94.9,0.26
94.9,0.29
94.9,0.3
94.9,0.22
94.9,0.27
94.9,0.22
94.9,0.23
94.9,0.24
94.9,0.25
94.9,0.22
94.9,0.17
94.9,0.28
94.9,0.22
94.9,0.22
94.9,0.19
94.9,0.26
94.9,0.14
94.9,0.17
94.9,0.21
94.9,0.26
94.9,0.18
94.9,0.16
94.9,0.3
94.9,0.24
94.9,0.3
94.9,0.19
94.9,0.23
94.9,0.15
94.9,0.25
94.9,0.21
94.9,0.2
94.9,0.29
94.9,0.16
94.9,0.23
94.9,0.19
94.9,0.24
94.9,0.21
94.9,0.2
94.9,0.28
94.9,0.31
94.9,0.23
94.9,0.27
94.9,0.23
94.9,0.24
94.9,0.26
94.9,0.19
94.9,0.25
94.9,0.16
94.9,0.22
94.9,0.29
95.29,0.21
95.29,0.2
95.29,0.26
95.29,0.12
95.29,0.23
95.29,0.19
95.29,0.2
95.29,0.17
95.29,0.2
95.29,0.15
95.29,0.22
95.29,0.16
95.29,0.22
95.29,0.22
95.29,0.23
95.29,0.27
95.29,0.27
95.29,0.24
95.29,0.23
95.29,0.24
95.29,0.2
95.29,0.2
95.29,0.25
95.29,0.27
95.29,0.29
95.29,0.21
95.29,0.2
95.29,0.26
95.29,0.28
95.29,0.28
95.29,0.29
95.29,0.21
95.29,0.25
95.29,0.27
95.29,0.23
95.29,0.24
95.29,0.3
95.29,0.16
95.29,0.18
95.29,0.25
95.29,0.21
95.29,0.19
95.29,0.21
95.29,0.27
95.29,0.23
95.29,0.21
95.29,0.25
95.29,0.24
95.29,0.25
95.29,0.28
95.29,0.19
95.29,0.28
95.29,0.26
95.29,0.19
95.29,0.21
95.29,0.19
95.29,0.27
95.29,0.19
95.29,0.22
95.29,0.23
95.29,0.19
95.29,0.21
95.29,0.15
95.29,0.17
95.29,0.24
95.29,0.27
95.29,0.19
95.29,0.19
95.29,0.25
95.29,0.17
95.29,0.18
95.29,0.19
95.29,0.27
95.29,0.19
95.29,0.11
95.29,0.22
95.29,0.19
95.29,0.18
95.29,0.22
95.29,0.24
95.29,0.21
95.29,0.26
95.29,0.26
95.29,0.13
95.29,0.23
95.29,0.23
95.29,0.23
95.29,0.25
95.29,0.22
95.29,0.24
95.29,0.25
95.29,0.25
95.29,0.23
95.29,0.21
95.29,0.26
95.29,0.25
95.29,0.19
95.29,0.14
95.29,0.26
95.29,0.23
95.29,0.25
95.69,0.22
95.69,0.14
95.69,0.2
95.69,0.26
95.69,0.24
95.69,0.24
95.69,0.23
95.69,0.19
95.69,0.18
95.69,0.25
95.69,0.23
95.69,0.24
95.69,0.28
95.69,0.28
95.69,0.17
95.69,0.19
95.69,0.32
95.69,0.29
95.69,0.21
95.69,0.26
95.69,0.3
95.69,0.27
95.69,0.23
95.69,0.33
95.69,0.25
95.69,0.19
95.69,0.21
95.69,0.28
95.69,0.31
95.69,0.27
95.69,0.22
95.69,0.24
95.69,0.3
95.69,0.29
95.69,0.25
95.69,0.23
95.69,0.23
95.69,0.26
95.69,0.26
95.69,0.28
95.69,0.26
95.69,0.19
95.69,0.28
95.69,0.26
95.69,0.22
95.69,0.21
95.69,0.23
95.69,0.27
95.69,0.21
95.69,0.27
95.69,0.28
95.69,0.22
95.69,0.25
95.69,0.21
95.69,0.19
95.69,0.25
95.69,0.25
95.69,0.24
95.69,0.18
95.69,0.29
95.69,0.24
95.69,0.27
95.69,0.24
95.69,0.22
95.69,0.21
95.69,0.27
95.69,0.22
95.69,0.16
95.69,0.28
95.69,0.19
95.69,0.21
95.69,0.33
95.69,0.21
95.69,0.23
95.69,0.21
95.69,0.29
95.69,0.25
95.69,0.2
95.69,0.25
95.69,0.29
95.69,0.26
95.69,0.23
95.69,0.19
95.69,0.21
95.69,0.24
95.69,0.25
95.69,0.16
95.69,0.19
95.69,0.23
95.69,0.24
95.69,0.27
95.69,0.24
95.69,0.21
95.69,0.22
95.69,0.14
95.69,0.17
95.69,0.27
95.69,0.19
95.69,0.25
95.69,0.19
95.69,0.22
96.08,0.16
96.08,0.21
96.08,0.25
96.08,0.22
96.08,0.23
96.08,0.28
96.08,0.24
96.08,0.3
96.08,0.21
96.08,0.25
96.08,0.23
96.08,0.2
96.08,0.23
96.08,0.31
96.08,0.24
96.08,0.25
96.08,0.15
96.08,0.19
96.08,0.35
96.08,0.28
96.08,0.35
96.08,0.21
96.08,0.26
96.08,0.2
96.08,0.34
96.08,0.27
96.08,0.21
96.08,0.24
96.08,0.4
96.08,0.22
96.08,0.26
96.08,0.25
96.08,0.23
96.08,0.18
96.08,0.3
96.08,0.18
96.08,0.29
96.08,0.26
96.08,0.19
96.08,0.25
96.08,0.22
96.08,0.18
96.08,0.25
96.08,0.29
96.08,0.28
96.08,0.23
96.08,0.16
96.08,0.2
96.08,0.22
96.08,0.23
96.08,0.23
96.08,0.29
96.08,0.25
96.08,0.23
96.08,0.33
96.08,0.24
96.08,0.23
96.08,0.22
96.08,0.19
96.08,0.22
96.08,0.25
96.08,0.23
96.08,0.26
96.08,0.25
96.08,0.26
96.08,0.19
96.08,0.27
96.08,0.11
96.08,0.28
96.08,0.25
96.08,0.19
96.08,0.28
96.08,0.25
96.08,0.2
96.08,0.29
96.08,0.2
96.08,0.21
96.08,0.31
96.08,0.24
96.08,0.17
96.08,0.21
96.08,0.19
96.08,0.2
96.08,0.3
96.08,0.25
96.08,0.31
96.08,0.29
96.08,0.26
96.08,0.26
96.08,0.27
96.08,0.24
96.08,0.23
96.08,0.16
96.08,0.26
96.08,0.16
96.08,0.2
96.08,0.19
96.08,0.31
96.08,0.23
96.08,0.21
96.08,0.27
96.47,0.25
96.47,0.3
96.47,0.23
96.47,0.3
96.47,0.3
96.47,0.26
96.47,0.22
96.47,0.23
96.47,0.27
96.47,0.31
96.47,0.26
96.47,0.18
96.47,0.24
96.47,0.19
96.47,0.21
96.47,0.19
96.47,0.25
96.47,0.28
96.47,0.27
96.47,0.26
96.47,0.29
96.47,0.27
96.47,0.27
96.47,0.31
96.47,0.2
96.47,0.22
96.47,0.27
96.47,0.21
96.47,0.18
96.47,0.22
96.47,0.27
96.47,0.25
96.47,0.22
96.47,0.24
96.47,0.3
96.47,0.23
96.47,0.23
96.47,0.26
96.47,0.23
96.47,0.29
96.47,0.24
96.47,0.26
96.47,0.23
96.47,0.26
96.47,0.2
96.47,0.28
96.47,0.27
96.47,0.26
96.47,0.21
96.47,0.29
96.47,0.32
96.47,0.22
96.47,0.23
96.47,0.29
96.47,0.23
96.47,0.32
96.47,0.21
96.47,0.3
96.47,0.24
96.47,0.16
96.47,0.27
96.47,0.22
96.47,0.19
96.47,0.2
96.47,0.27
96.47,0.24
96.47,0.25
96.47,0.25
96.47,0.23
96.47,0.29
96.47,0.22
96.47,0.19
96.47,0.22
96.47,0.2
96.47,0.23
96.47,0.19
96.47,0.22
96.47,0.25
96.47,0.25
96.47,0.29
96.47,0.27
96.47,0.24
96.47,0.23
96.47,0.26
96.47,0.2
96.47,0.26
96.47,0.23
96.47,0.24
96.47,0.21
96.47,0.24
96.47,0.26
96.47,0.18
96.47,0.23
96.47,0.25
96.47,0.15
96.47,0.29
96.47,0.22
96.47,0.14
96.47,0.28
96.47,0.25
96.47,0.27
96.86,0.21
96.86,0.21
96.86,0.25
96.86,0.21
96.86,0.26
96.86,0.21
96.86,0.24
96.86,0.2
96.86,0.25
96.86,0.26
96.86,0.24
96.86,0.26
96.86,0.25
96.86,0.3
96.86,0.21
96.86,0.2
96.86,0.21
96.86,0.27
96.86,0.24
96.86,0.2
96.86,0.24
96.86,0.24
96.86,0.19
96.86,0.25
96.86,0.18
96.86,0.15
96.86,0.27
96.86,0.27
96.86,0.22
96.86,0.23
96.86,0.22
96.86,0.23
96.86,0.25
96.86,0.29
96.86,0.21
96.86,0.28
96.86,0.21
96.86,0.2
96.86,0.21
96.86,0.22
96.86,0.22
96.86,0.23
96.86,0.26
96.86,0.3
96.86,0.25
96.86,0.24
96.86,0.31
96.86,0.24
96.86,0.21
96.86,0.22
96.86,0.27
96.86,0.31
96.86,0.19
96.86,0.33
96.86,0.32
96.86,0.28
96.86,0.32
96.86,0.27
96.86,0.28
96.86,0.32
96.86,0.27
96.86,0.23
96.86,0.3
96.86,0.28
96.86,0.25
96.86,0.22
96.86,0.26
96.86,0.28
96.86,0.19
96.86,0.21
96.86,0.27
96.86,0.28
96.86,0.29
96.86,0.28
96.86,0.26
96.86,0.25
96.86,0.27
96.86,0.25
96.86,0.22
96.86,0.26
96.86,0.25
96.86,0.23
96.86,0.3
96.86,0.26
96.86,0.32
96.86,0.28
96.86,0.23
96.86,0.29
96.86,0.21
96.86,0.23
96.86,0.24
96.86,0.18
96.86,0.23
96.86,0.33
96.86,0.24
96.86,0.3
96.86,0.32
96.86,0.27
96.86,0.3
96.86,0.26
96.86,0.21
97.25,0.23
97.25,0.29
97.25,0.29
97.25,0.23
97.25,0.24
97.25,0.29
97.25,0.27
97.25,0.26
97.25,0.27
97.25,0.32
97.25,0.3
97.25,0.24
97.25,0.28
97.25,0.23
97.25,0.3
97.25,0.25
97.25,0.27
97.25,0.22
97.25,0.21
97.25,0.23
97.25,0.21
97.25,0.24
97.25,0.26
97.25,0.26
97.25,0.23
97.25,0.27
97.25,0.25
97.25,0.22
97.25,0.29
97.25,0.28
97.25,0.2
97.25,0.29
97.25,0.23
97.25,0.23
97.25,0.26
97.25,0.25
97.25,0.26
97.25,0.26
97.25,0.23
97.25,0.25
97.25,0.32
97.25,0.31
97.25,0.3
97.25,0.24
97.25,0.23
97.25,0.3
97.25,0.23
97.25,0.27
97.25,0.21
97.25,0.34
97.25,0.26
97.25,0.23
97.25,0.26
97.25,0.29
97.25,0.28
97.25,0.29
97.25,0.32
97.25,0.26
97.25,0.32
97.25,0.27
97.25,0.28
97.25,0.28
97.25,0.3
97.25,0.33
97.25,0.31
97.25,0.25
97.25,0.25
97.25,0.31
97.25,0.29
97.25,0.3
97.25,0.27
97.25,0.19
97.25,0.29
97.25,0.3
97.25,0.23
97.25,0.27
97.25,0.31
97.25,0.26
97.25,0.27
97.25,0.31
97.25,0.27
97.25,0.29
97.25,0.25
97.25,0.24
97.25,0.31
97.25,0.28
97.25,0.27
97.25,0.24
97.25,0.33
97.25,0.26
97.25,0.3
97.25,0.27
97.25,0.27
97.25,0.3
97.25,0.25
97.25,0.2
97.25,0.22
97.25,0.37
97.25,0.26
97.25,0.29
97.25,0.3
97.65,0.24
97.65,0.34
97.65,0.24
97.65,0.18
97.65,0.26
97.65,0.23
97.65,0.35
97.65,0.34
97.65,0.22
97.65,0.29
97.65,0.16
97.65,0.22
97.65,0.24
97.65,0.35
97.65,0.25
97.65,0.19
97.65,0.22
97.65,0.22
97.65,0.28
97.65,0.21
97.65,0.28
97.65,0.3
97.65,0.29
97.65,0.29
97.65,0.25
97.65,0.28
97.65,0.29
97.65,0.27
97.65,0.28
97.65,0.26
97.65,0.26
97.65,0.36
97.65,0.25
97.65,0.32
97.65,0.27
97.65,0.26
97.65,0.27
97.65,0.22
97.65,0.21
97.65,0.23
97.65,0.21
97.65,0.26
97.65,0.29
97.65,0.29
97.65,0.27
97.65,0.19
97.65,0.29
97.65,0.25
97.65,0.26
97.65,0.32
97.65,0.22
97.65,0.27
97.65,0.15
97.65,0.18
97.65,0.3
97.65,0.3
97.65,0.17
97.65,0.2
97.65,0.25
97.65,0.21
97.65,0.28
97.65,0.27
97.65,0.34
97.65,0.25
97.65,0.24
97.65,0.3
97.65,0.23
97.65,0.27
97.65,0.28
97.65,0.21
97.65,0.24
97.65,0.21
97.65,0.22
97.65,0.19
97.65,0.15
97.65,0.25
97.65,0.23
97.65,0.25
97.65,0.26
97.65,0.27
97.65,0.23
97.65,0.26
97.65,0.25
97.65,0.21
97.65,0.25
97.65,0.27
97.65,0.23
97.65,0.22
97.65,0.22
97.65,0.23
97.65,0.24
97.65,0.16
97.65,0.26
97.65,0.23
97.65,0.3
97.65,0.19
97.65,0.24
97.65,0.32
97.65,0.29
97.65,0.22
97.65,0.21
98.04,0.26
98.04,0.33
98.04,0.25
98.04,0.25
98.04,0.19
98.04,0.25
98.04,0.28
98.04,0.2
98.04,0.22
98.04,0.17
98.04,0.25
98.04,0.23
98.04,0.22
98.04,0.3
98.04,0.28
98.04,0.25
98.04,0.26
98.04,0.31
98.04,0.22
98.04,0.23
98.04,0.24
98.04,0.28
98.04,0.22
98.04,0.32
98.04,0.26
98.04,0.23
98.04,0.24
98.04,0.29
98.04,0.25
98.04,0.22
98.04,0.28
98.04,0.28
98.04,0.3
98.04,0.28
98.04,0.25
98.04,0.21
98.04,0.23
98.04,0.25
98.04,0.25
98.04,0.27
98.04,0.25
98.04,0.22
98.04,0.28
98.04,0.26
98.04,0.29
98.04,0.24
98.04,0.28
98.04,0.26
98.04,0.29
98.04,0.33
98.04,0.36
98.04,0.23
98.04,0.23
98.04,0.27
98.04,0.32
98.04,0.35
98.04,0.21
98.04,0.28
98.04,0.26
98.04,0.24
98.04,0.19
98.04,0.23
98.04,0.22
98.04,0.27
98.04,0.23
98.04,0.21
98.04,0.26
98.04,0.25
98.04,0.24
98.04,0.18
98.04,0.24
98.04,0.22
98.04,0.15
98.04,0.31
98.04,0.21
98.04,0.24
98.04,0.23
98.04,0.26
98.04,0.29
98.04,0.28
98.04,0.26
98.04,0.16
98.04,0.25
98.04,0.23
98.04,0.18
98.04,0.29
98.04,0.29
98.04,0.25
98.04,0.27
98.04,0.29
98.04,0.22
98.04,0.24
98.04,0.25
98.04,0.23
98.04,0.24
98.04,0.11
98.04,0.27
98.04,0.23
98.04,0.21
98.04,0.26
98.04,0.22
98.43,0.28
98.43,0.27
98.43,0.15
98.43,0.35
98.43,0.22
98.43,0.24
98.43,0.26
98.43,0.23
98.43,0.27
98.43,0.23
98.43,0.2
98.43,0.23
98.43,0.3
98.43,0.27
98.43,0.26
98.43,0.29
98.43,0.22
98.43,0.23
98.43,0.26
98.43,0.22
98.43,0.26
98.43,0.28
98.43,0.28
98.43,0.28
98.43,0.22
98.43,0.22
98.43,0.28
98.43,0.23
98.43,0.27
98.43,0.3
98.43,0.22
98.43,0.24
98.43,0.25
98.43,0.32
98.43,0.35
98.43,0.21
98.43,0.33
98.43,0.26
98.43,0.32
98.43,0.23
98.43,0.33
98.43,0.25
98.43,0.28
98.43,0.19
98.43,0.34
98.43,0.28
98.43,0.28
98.43,0.22
98.43,0.27
98.43,0.26
98.43,0.28
98.43,0.22
98.43,0.29
98.43,0.26
98.43,0.27
98.43,0.36
98.43,0.21
98.43,0.32
98.43,0.28
98.43,0.39
98.43,0.31
98.43,0.3
98.43,0.32
98.43,0.35
98.43,0.36
98.43,0.26
98.43,0.27
98.43,0.28
98.43,0.32
98.43,0.32
98.43,0.21
98.43,0.3
98.43,0.3
98.43,0.28
98.43,0.23
98.43,0.21
98.43,0.27
98.43,0.22
98.43,0.27
98.43,0.2
98.43,0.3
98.43,0.24
98.43,0.18
98.43,0.28
98.43,0.23
98.43,0.25
98.43,0.18
98.43,0.28
98.43,0.34
98.43,0.28
98.43,0.37
98.43,0.27
98.43,0.28
98.43,0.27
98.43,0.26
98.43,0.27
98.43,0.25
98.43,0.3
98.43,0.24
98.43,0.25
98.43,0.24
98.82,0.32
98.82,0.29
98.82,0.34
98.82,0.26
98.82,0.33
98.82,0.25
98.82,0.24
98.82,0.29
98.82,0.34
98.82,0.24
98.82,0.36
98.82,0.32
98.82,0.24
98.82,0.26
98.82,0.26
98.82,0.28
98.82,0.34
98.82,0.28
98.82,0.31
98.82,0.34
98.82,0.24
98.82,0.31
98.82,0.3
98.82,0.26
98.82,0.28
98.82,0.2
98.82,0.3
98.82,0.27
98.82,0.26
98.82,0.32
98.82,0.29
98.82,0.33
98.82,0.3
98.82,0.33
98.82,0.31
98.82,0.21
98.82,0.27
98.82,0.21
98.82,0.25
98.82,0.26
98.82,0.34
98.82,0.25
98.82,0.34
98.82,0.26
98.82,0.27
98.82,0.32
98.82,0.16
98.82,0.27
98.82,0.38
98.82,0.25
98.82,0.23
98.82,0.28
98.82,0.19
98.82,0.32
98.82,0.25
98.82,0.22
98.82,0.33
98.82,0.21
98.82,0.17
98.82,0.3
98.82,0.28
98.82,0.29
98.82,0.25
98.82,0.21
98.82,0.17
98.82,0.27
98.82,0.32
98.82,0.24
98.82,0.25
98.82,0.23
98.82,0.26
98.82,0.22
98.82,0.2
98.82,0.27
98.82,0.31
98.82,0.21
98.82,0.3
98.82,0.32
98.82,0.25
98.82,0.21
98.82,0.28
98.82,0.21
98.82,0.29
98.82,0.22
98.82,0.32
98.82,0.25
98.82,0.16
98.82,0.28
98.82,0.28
98.82,0.16
98.82,0.23
98.82,0.26
98.82,0.18
98.82,0.24
98.82,0.29
98.82,0.28
98.82,0.3
98.82,0.19
98.82,0.26
98.82,0.27
98.82,0.3
99.22,0.16
99.22,0.31
99.22,0.24
99.22,0.24
99.22,0.26
99.22,0.29
99.22,0.19
99.22,0.26
99.22,0.3
99.22,0.26
99.22,0.13
99.22,0.18
99.22,0.3
99.22,0.2
99.22,0.24
99.22,0.26
99.22,0.2
99.22,0.22
99.22,0.29
99.22,0.22
99.22,0.27
99.22,0.24
99.22,0.23
99.22,0.3
99.22,0.23
99.22,0.17
99.22,0.33
99.22,0.2
99.22,0.29
99.22,0.3
99.22,0.31
99.22,0.3
99.22,0.25
99.22,0.23
99.22,0.2
99.22,0.28
99.22,0.23
99.22,0.27
99.22,0.3
99.22,0.26
99.22,0.24
99.22,0.27
99.22,0.32
99.22,0.23
99.22,0.26
99.22,0.28
99.22,0.27
99.22,0.25
99.22,0.24
99.22,0.31
99.22,0.23
99.22,0.28
99.22,0.24
99.22,0.26
99.22,0.2
99.22,0.32
99.22,0.24
99.22,0.27
99.22,0.16
99.22,0.3
99.22,0.24
99.22,0.27
99.22,0.26
99.22,0.28
99.22,0.22
99.22,0.3
99.22,0.31
99.22,0.22
99.22,0.25
99.22,0.22
99.22,0.31
99.22,0.27
99.22,0.24
99.22,0.18
99.22,0.19
99.22,0.26
99.22,0.21
99.22,0.24
99.22,0.17
99.22,0.25
99.22,0.23
99.22,0.24
99.22,0.26
99.22,0.19
99.22,0.23
